use cinema;
SET NAMES utf8;

Begin;
INSERT INTO Movie VALUES (   1291545 , '大鱼' , 'Big Fish' , '2003' , NULL , 8.7 , 'https://movie.douban.com/subject/1291545/' , 'https://img3.doubanio.com/view/movie_poster_cover/spst/public/p692813374.jpg'    
 , 1 );
INSERT INTO Director VALUES (0, '蒂姆·波顿', NULL, NULL, NULL);
INSERT INTO Direct VALUES (   1291545 ,  0 );
INSERT INTO Actor VALUES ('伊万·麦克格雷格', NULL, NULL, NULL, 0);
INSERT INTO Play VALUES (   1291545 ,  0 );
INSERT INTO Actor VALUES ('阿尔伯特·芬尼', NULL, NULL, NULL, 1);
INSERT INTO Play VALUES (   1291545 ,  1 );
INSERT INTO Actor VALUES ('比利·克鲁德普', NULL, NULL, NULL, 2);
INSERT INTO Play VALUES (   1291545 ,  2 );
INSERT INTO Category VALUES ('剧情' , NULL);
INSERT INTO Belong VALUES (  1291545,'剧情');
INSERT INTO Category VALUES ('家庭' , NULL);
INSERT INTO Belong VALUES (  1291545,'家庭');
INSERT INTO Category VALUES ('奇幻' , NULL);
INSERT INTO Belong VALUES (  1291545,'奇幻');
INSERT INTO Movie VALUES (   1291546 , '霸王别姬' , '霸王别姬' , '1993' , NULL , 9.5 , 'https://movie.douban.com/subject/1291546/' , 'https://img3.doubanio.com/view/movie_poster_cover/spst/public/p1910813120.jpg'    
 , 1 );
INSERT INTO Director VALUES (1, '陈凯歌', NULL, NULL, NULL);
INSERT INTO Direct VALUES (   1291546 ,  1 );
INSERT INTO Actor VALUES ('张国荣', NULL, NULL, NULL, 3);
INSERT INTO Play VALUES (   1291546 ,  3 );
INSERT INTO Actor VALUES ('张丰毅', NULL, NULL, NULL, 4);
INSERT INTO Play VALUES (   1291546 ,  4 );
INSERT INTO Actor VALUES ('巩俐', NULL, NULL, NULL, 5);
INSERT INTO Play VALUES (   1291546 ,  5 );
INSERT INTO Belong VALUES (  1291546,'剧情');
INSERT INTO Category VALUES ('爱情' , NULL);
INSERT INTO Belong VALUES (  1291546,'爱情');
INSERT INTO Category VALUES ('同性' , NULL);
INSERT INTO Belong VALUES (  1291546,'同性');
INSERT INTO Movie VALUES (   1291548 , '死亡诗社' , 'Dead Poets Society' , '1989' , NULL , 8.9 , 'https://movie.douban.com/subject/1291548/' , 'https://img3.doubanio.com/view/movie_poster_cover/spst/public/p1910824340.jpg'    
 , 1 );
INSERT INTO Director VALUES (2, '彼得·威尔', NULL, NULL, NULL);
INSERT INTO Direct VALUES (   1291548 ,  2 );
INSERT INTO Actor VALUES ('罗宾·威廉姆斯', NULL, NULL, NULL, 6);
INSERT INTO Play VALUES (   1291548 ,  6 );
INSERT INTO Actor VALUES ('罗伯特·肖恩·莱纳德', NULL, NULL, NULL, 7);
INSERT INTO Play VALUES (   1291548 ,  7 );
INSERT INTO Actor VALUES ('伊桑·霍克', NULL, NULL, NULL, 8);
INSERT INTO Play VALUES (   1291548 ,  8 );
INSERT INTO Belong VALUES (  1291548,'剧情');
INSERT INTO Movie VALUES (   1291549 , '放牛班的春天' , 'Les choristes' , '2004' , NULL , 9.2 , 'https://movie.douban.com/subject/1291549/' , 'https://img3.doubanio.com/view/movie_poster_cover/spst/public/p1910824951.jpg'    
 , 1 );
INSERT INTO Director VALUES (3, '克里斯托夫·巴拉蒂', NULL, NULL, NULL);
INSERT INTO Direct VALUES (   1291549 ,  3 );
INSERT INTO Actor VALUES ('热拉尔·朱尼奥', NULL, NULL, NULL, 9);
INSERT INTO Play VALUES (   1291549 ,  9 );
INSERT INTO Actor VALUES ('让-巴蒂斯特·莫尼耶', NULL, NULL, NULL, 10);
INSERT INTO Play VALUES (   1291549 ,  10 );
INSERT INTO Actor VALUES ('弗朗索瓦·贝莱昂', NULL, NULL, NULL, 11);
INSERT INTO Play VALUES (   1291549 ,  11 );
INSERT INTO Belong VALUES (  1291549,'剧情');
INSERT INTO Category VALUES ('音乐' , NULL);
INSERT INTO Belong VALUES (  1291549,'音乐');
INSERT INTO Movie VALUES (   1291552 , '指环王3：王者无敌' , 'The Lord of the Rings: The Return of the King' , '2003' , NULL , 9.1 , 'https://movie.douban.com/subject/1291552/' , 'https://img3.doubanio.com/view/movie_poster_cover/spst/public/p1910825503.jpg'    
 , 1 );
INSERT INTO Director VALUES (4, '彼得·杰克逊', NULL, NULL, NULL);
INSERT INTO Direct VALUES (   1291552 ,  4 );
INSERT INTO Actor VALUES ('维果·莫腾森', NULL, NULL, NULL, 12);
INSERT INTO Play VALUES (   1291552 ,  12 );
INSERT INTO Actor VALUES ('伊利亚·伍德', NULL, NULL, NULL, 13);
INSERT INTO Play VALUES (   1291552 ,  13 );
INSERT INTO Actor VALUES ('西恩·奥斯汀', NULL, NULL, NULL, 14);
INSERT INTO Play VALUES (   1291552 ,  14 );
INSERT INTO Belong VALUES (  1291552,'剧情');
INSERT INTO Category VALUES ('动作' , NULL);
INSERT INTO Belong VALUES (  1291552,'动作');
INSERT INTO Belong VALUES (  1291552,'奇幻');
INSERT INTO Movie VALUES (   1291557 , '花样年华' , '花樣年華' , '2000' , NULL , 8.5 , 'https://movie.douban.com/subject/1291557/' , 'https://img3.doubanio.com/view/photo/s_ratio_poster/public/p1910828286.webp'    
 , 1 );
INSERT INTO Director VALUES (5, '王家卫', NULL, NULL, NULL);
INSERT INTO Direct VALUES (   1291557 ,  5 );
INSERT INTO Actor VALUES ('梁朝伟', NULL, NULL, NULL, 15);
INSERT INTO Play VALUES (   1291557 ,  15 );
INSERT INTO Actor VALUES ('张曼玉', NULL, NULL, NULL, 16);
INSERT INTO Play VALUES (   1291557 ,  16 );
INSERT INTO Actor VALUES ('潘迪华', NULL, NULL, NULL, 17);
INSERT INTO Play VALUES (   1291557 ,  17 );
INSERT INTO Belong VALUES (  1291557,'剧情');
INSERT INTO Belong VALUES (  1291557,'爱情');
INSERT INTO Movie VALUES (   1291560 , '龙猫' , 'となりのトトロ' , '1988' , NULL , 9.1 , 'https://movie.douban.com/subject/1291560/' , 'https://img1.doubanio.com/view/photo/s_ratio_poster/public/p537668599.webp'    
 , 1 );
INSERT INTO Director VALUES (6, '宫崎骏', NULL, NULL, NULL);
INSERT INTO Direct VALUES (   1291560 ,  6 );
INSERT INTO Actor VALUES ('日高法子', NULL, NULL, NULL, 18);
INSERT INTO Play VALUES (   1291560 ,  18 );
INSERT INTO Actor VALUES ('坂本千夏', NULL, NULL, NULL, 19);
INSERT INTO Play VALUES (   1291560 ,  19 );
INSERT INTO Actor VALUES ('岛本须美', NULL, NULL, NULL, 20);
INSERT INTO Play VALUES (   1291560 ,  20 );
INSERT INTO Category VALUES ('动画' , NULL);
INSERT INTO Belong VALUES (  1291560,'动画');
INSERT INTO Belong VALUES (  1291560,'奇幻');
INSERT INTO Movie VALUES (   1291561 , '千与千寻' , '千と千尋の神隠し' , '2001' , NULL , 9.2 , 'https://movie.douban.com/subject/1291561/' , 'https://img3.doubanio.com/view/photo/s_ratio_poster/public/p1606727862.webp'    
 , 1 );
INSERT INTO Director VALUES (7, '宫崎骏', NULL, NULL, NULL);
INSERT INTO Direct VALUES (   1291561 ,  7 );
INSERT INTO Actor VALUES ('柊瑠美', NULL, NULL, NULL, 21);
INSERT INTO Play VALUES (   1291561 ,  21 );
INSERT INTO Actor VALUES ('入野自由', NULL, NULL, NULL, 22);
INSERT INTO Play VALUES (   1291561 ,  22 );
INSERT INTO Actor VALUES ('夏木真理', NULL, NULL, NULL, 23);
INSERT INTO Play VALUES (   1291561 ,  23 );
INSERT INTO Belong VALUES (  1291561,'剧情');
INSERT INTO Belong VALUES (  1291561,'动画');
INSERT INTO Belong VALUES (  1291561,'奇幻');
INSERT INTO Movie VALUES (   1291568 , '东京物语' , '東京物語' , '1953' , NULL , 9.2 , 'https://movie.douban.com/subject/1291568/' , 'https://img3.doubanio.com/view/movie_poster_cover/spst/public/p1910832390.jpg'    
 , 1 );
INSERT INTO Director VALUES (8, '小津安二郎', NULL, NULL, NULL);
INSERT INTO Direct VALUES (   1291568 ,  8 );
INSERT INTO Actor VALUES ('笠智众', NULL, NULL, NULL, 24);
INSERT INTO Play VALUES (   1291568 ,  24 );
INSERT INTO Actor VALUES ('原节子', NULL, NULL, NULL, 25);
INSERT INTO Play VALUES (   1291568 ,  25 );
INSERT INTO Actor VALUES ('杉村春子', NULL, NULL, NULL, 26);
INSERT INTO Play VALUES (   1291568 ,  26 );
INSERT INTO Belong VALUES (  1291568,'剧情');
INSERT INTO Belong VALUES (  1291568,'家庭');
INSERT INTO Movie VALUES (   1291571 , '指环王1：魔戒再现' , 'The Lord of the Rings: The Fellowship of the Ring' , '2001' , NULL , 8.9 , 'https://movie.douban.com/subject/1291571/' , 'https://img3.doubanio.com/view/movie_poster_cover/spst/public/p1354436051.jpg'    
 , 1 );
INSERT INTO Director VALUES (9, '彼得·杰克逊', NULL, NULL, NULL);
INSERT INTO Direct VALUES (   1291571 ,  9 );
INSERT INTO Actor VALUES ('伊利亚·伍德', NULL, NULL, NULL, 27);
INSERT INTO Play VALUES (   1291571 ,  27 );
INSERT INTO Actor VALUES ('西恩·奥斯汀', NULL, NULL, NULL, 28);
INSERT INTO Play VALUES (   1291571 ,  28 );
INSERT INTO Actor VALUES ('伊恩·麦克莱恩', NULL, NULL, NULL, 29);
INSERT INTO Play VALUES (   1291571 ,  29 );
INSERT INTO Belong VALUES (  1291571,'剧情');
INSERT INTO Belong VALUES (  1291571,'动作');
INSERT INTO Belong VALUES (  1291571,'奇幻');
INSERT INTO Movie VALUES (   1291572 , '指环王2：双塔奇兵' , 'The Lord of the Rings: The Two Towers' , '2002' , NULL , 8.9 , 'https://movie.douban.com/subject/1291572/' , 'https://img3.doubanio.com/view/movie_poster_cover/spst/public/p909265336.jpg'    
 , 1 );
INSERT INTO Director VALUES (10, '彼得·杰克逊', NULL, NULL, NULL);
INSERT INTO Direct VALUES (   1291572 ,  10 );
INSERT INTO Actor VALUES ('伊利亚·伍德', NULL, NULL, NULL, 30);
INSERT INTO Play VALUES (   1291572 ,  30 );
INSERT INTO Actor VALUES ('西恩·奥斯汀', NULL, NULL, NULL, 31);
INSERT INTO Play VALUES (   1291572 ,  31 );
INSERT INTO Actor VALUES ('伊恩·麦克莱恩', NULL, NULL, NULL, 32);
INSERT INTO Play VALUES (   1291572 ,  32 );
INSERT INTO Belong VALUES (  1291572,'剧情');
INSERT INTO Belong VALUES (  1291572,'动作');
INSERT INTO Belong VALUES (  1291572,'奇幻');
INSERT INTO Movie VALUES (   1291578 , '冰川时代' , 'Ice Age' , '2002' , NULL , 8.4 , 'https://movie.douban.com/subject/1291578/' , 'https://img1.doubanio.com/view/movie_poster_cover/spst/public/p1910895719.jpg'    
 , 1 );
INSERT INTO Director VALUES (11, '卡洛斯·萨尔达尼亚', NULL, NULL, NULL);
INSERT INTO Direct VALUES (   1291578 ,  11 );
INSERT INTO Director VALUES (12, '克里斯·韦奇', NULL, NULL, NULL);
INSERT INTO Direct VALUES (   1291578 ,  12 );
INSERT INTO Actor VALUES ('雷·罗马诺', NULL, NULL, NULL, 33);
INSERT INTO Play VALUES (   1291578 ,  33 );
INSERT INTO Actor VALUES ('约翰·雷吉扎莫', NULL, NULL, NULL, 34);
INSERT INTO Play VALUES (   1291578 ,  34 );
INSERT INTO Actor VALUES ('丹尼斯·利瑞', NULL, NULL, NULL, 35);
INSERT INTO Play VALUES (   1291578 ,  35 );
INSERT INTO Category VALUES ('喜剧' , NULL);
INSERT INTO Belong VALUES (  1291578,'喜剧');
INSERT INTO Belong VALUES (  1291578,'动画');
INSERT INTO Category VALUES ('冒险' , NULL);
INSERT INTO Belong VALUES (  1291578,'冒险');
INSERT INTO Movie VALUES (   1291579 , '怪兽电力公司' , 'Monsters Inc.' , '2001' , NULL , 8.6 , 'https://movie.douban.com/subject/1291579/' , 'https://img1.doubanio.com/view/photo/s_ratio_poster/public/p2513247938.webp'    
 , 1 );
INSERT INTO Director VALUES (13, '彼特·道格特', NULL, NULL, NULL);
INSERT INTO Direct VALUES (   1291579 ,  13 );
INSERT INTO Director VALUES (14, '大卫·斯沃曼', NULL, NULL, NULL);
INSERT INTO Direct VALUES (   1291579 ,  14 );
INSERT INTO Director VALUES (15, '李·昂克里奇', NULL, NULL, NULL);
INSERT INTO Direct VALUES (   1291579 ,  15 );
INSERT INTO Actor VALUES ('约翰·古德曼', NULL, NULL, NULL, 36);
INSERT INTO Play VALUES (   1291579 ,  36 );
INSERT INTO Actor VALUES ('比利·克里斯托', NULL, NULL, NULL, 37);
INSERT INTO Play VALUES (   1291579 ,  37 );
INSERT INTO Actor VALUES ('玛丽·吉布斯', NULL, NULL, NULL, 38);
INSERT INTO Play VALUES (   1291579 ,  38 );

INSERT INTO Belong VALUES (  1291579,'喜剧');
INSERT INTO Belong VALUES (  1291579,'动画');
INSERT INTO Category VALUES ('儿童' , NULL);
INSERT INTO Belong VALUES (  1291579,'儿童');
INSERT INTO Movie VALUES (   1291583 , '天空之城' , '天空の城ラピュタ' , '1986' , NULL , 9.0 , 'https://movie.douban.com/subject/1291583/' , 'https://img1.doubanio.com/view/movie_poster_cover/spst/public/p1446261379.jpg'    
 , 1 );
INSERT INTO Director VALUES (16, '宫崎骏', NULL, NULL, NULL);
INSERT INTO Direct VALUES (   1291583 ,  16 );
INSERT INTO Actor VALUES ('田中真弓', NULL, NULL, NULL, 39);
INSERT INTO Play VALUES (   1291583 ,  39 );
INSERT INTO Actor VALUES ('横泽启子', NULL, NULL, NULL, 40);
INSERT INTO Play VALUES (   1291583 ,  40 );
INSERT INTO Actor VALUES ('初井言荣', NULL, NULL, NULL, 41);
INSERT INTO Play VALUES (   1291583 ,  41 );
INSERT INTO Belong VALUES (  1291583,'动画');
INSERT INTO Belong VALUES (  1291583,'奇幻');
INSERT INTO Belong VALUES (  1291583,'冒险');
INSERT INTO Movie VALUES (   1291585 , '风之谷' , '風の谷のナウシカ' , '1984' , NULL , 8.8 , 'https://movie.douban.com/subject/1291585/' , 'https://img3.doubanio.com/view/movie_poster_cover/spst/public/p1917567652.jpg'    
 , 1 );
INSERT INTO Director VALUES (17, '宫崎骏', NULL, NULL, NULL);
INSERT INTO Direct VALUES (   1291585 ,  17 );
INSERT INTO Actor VALUES ('岛本须美', NULL, NULL, NULL, 42);
INSERT INTO Play VALUES (   1291585 ,  42 );
INSERT INTO Actor VALUES ('松田洋治', NULL, NULL, NULL, 43);
INSERT INTO Play VALUES (   1291585 ,  43 );
INSERT INTO Actor VALUES ('榊原良子', NULL, NULL, NULL, 44);
INSERT INTO Play VALUES (   1291585 ,  44 );
INSERT INTO Category VALUES ('科幻' , NULL);
INSERT INTO Belong VALUES (  1291585,'科幻');
INSERT INTO Belong VALUES (  1291585,'动画');
INSERT INTO Belong VALUES (  1291585,'奇幻');
INSERT INTO Movie VALUES (   1291818 , '饮食男女' , '飲食男女' , '1994' , NULL , 9.0 , 'https://movie.douban.com/subject/1291818/' , 'https://img3.doubanio.com/view/movie_poster_cover/spst/public/p1910899751.jpg'    
 , 1 );
INSERT INTO Director VALUES (18, '李安', NULL, NULL, NULL);
INSERT INTO Direct VALUES (   1291818 ,  18 );
INSERT INTO Actor VALUES ('吴倩莲', NULL, NULL, NULL, 45);
INSERT INTO Play VALUES (   1291818 ,  45 );
INSERT INTO Actor VALUES ('杨贵媚', NULL, NULL, NULL, 46);
INSERT INTO Play VALUES (   1291818 ,  46 );
INSERT INTO Actor VALUES ('王渝文', NULL, NULL, NULL, 47);
INSERT INTO Play VALUES (   1291818 ,  47 );
INSERT INTO Belong VALUES (  1291818,'剧情');
INSERT INTO Belong VALUES (  1291818,'家庭');
INSERT INTO Movie VALUES (   1291822 , '卢旺达饭店' , 'Hotel Rwanda' , '2004' , NULL , 8.8 , 'https://movie.douban.com/subject/1291822/' , 'https://img3.doubanio.com/view/movie_poster_cover/spst/public/p2159368352.jpg'    
 , 1 );
INSERT INTO Director VALUES (19, '特瑞·乔治', NULL, NULL, NULL);
INSERT INTO Direct VALUES (   1291822 ,  19 );
INSERT INTO Actor VALUES ('唐·钱德尔', NULL, NULL, NULL, 48);
INSERT INTO Play VALUES (   1291822 ,  48 );
INSERT INTO Actor VALUES ('苏菲·奥康内多', NULL, NULL, NULL, 49);
INSERT INTO Play VALUES (   1291822 ,  49 );
INSERT INTO Actor VALUES ('杰昆·菲尼克斯', NULL, NULL, NULL, 50);
INSERT INTO Play VALUES (   1291822 ,  50 );
INSERT INTO Belong VALUES (  1291822,'剧情');
INSERT INTO Category VALUES ('历史' , NULL);
INSERT INTO Belong VALUES (  1291822,'历史');
INSERT INTO Category VALUES ('战争' , NULL);
INSERT INTO Belong VALUES (  1291822,'战争');
INSERT INTO Movie VALUES (   1291824 , '黑鹰坠落' , 'Black Hawk Down' , '2001' , NULL , 8.5 , 'https://movie.douban.com/subject/1291824/' , 'https://img3.doubanio.com/view/movie_poster_cover/spst/public/p1910900710.jpg'    
 , 1 );
INSERT INTO Director VALUES (20, '雷德利·斯科特', NULL, NULL, NULL);
INSERT INTO Direct VALUES (   1291824 ,  20 );
INSERT INTO Actor VALUES ('乔什·哈奈特', NULL, NULL, NULL, 51);
INSERT INTO Play VALUES (   1291824 ,  51 );
INSERT INTO Actor VALUES ('伊万·麦克格雷格', NULL, NULL, NULL, 52);
INSERT INTO Play VALUES (   1291824 ,  52 );
INSERT INTO Actor VALUES ('汤姆·塞兹摩尔', NULL, NULL, NULL, 53);
INSERT INTO Play VALUES (   1291824 ,  53 );
INSERT INTO Belong VALUES (  1291824,'动作');
INSERT INTO Belong VALUES (  1291824,'历史');
INSERT INTO Belong VALUES (  1291824,'战争');
INSERT INTO Movie VALUES (   1291828 , '天堂电影院' , 'Nuovo Cinema Paradiso' , '1988' , NULL , 9.1 , 'https://movie.douban.com/subject/1291828/' , 'https://img3.doubanio.com/view/movie_poster_cover/spst/public/p1910901025.jpg'    
 , 1 );
INSERT INTO Director VALUES (21, '朱塞佩·托纳多雷', NULL, NULL, NULL);
INSERT INTO Direct VALUES (   1291828 ,  21 );
INSERT INTO Actor VALUES ('安东内拉·阿蒂利', NULL, NULL, NULL, 54);
INSERT INTO Play VALUES (   1291828 ,  54 );
INSERT INTO Actor VALUES ('恩佐·卡拉瓦勒', NULL, NULL, NULL, 55);
INSERT INTO Play VALUES (   1291828 ,  55 );
INSERT INTO Actor VALUES ('艾萨·丹尼埃利', NULL, NULL, NULL, 56);
INSERT INTO Play VALUES (   1291828 ,  56 );
INSERT INTO Belong VALUES (  1291828,'剧情');
INSERT INTO Belong VALUES (  1291828,'爱情');
INSERT INTO Movie VALUES (   1291832 , '低俗小说' , 'Pulp Fiction' , '1994' , NULL , 8.7 , 'https://movie.douban.com/subject/1291832/' , 'https://img3.doubanio.com/view/movie_poster_cover/spst/public/p1910902213.jpg'    
 , 1 );
INSERT INTO Director VALUES (22, '昆汀·塔伦蒂诺', NULL, NULL, NULL);
INSERT INTO Direct VALUES (   1291832 ,  22 );
INSERT INTO Actor VALUES ('约翰·特拉沃尔塔', NULL, NULL, NULL, 57);
INSERT INTO Play VALUES (   1291832 ,  57 );
INSERT INTO Actor VALUES ('乌玛·瑟曼', NULL, NULL, NULL, 58);
INSERT INTO Play VALUES (   1291832 ,  58 );
INSERT INTO Actor VALUES ('阿曼达·普拉莫', NULL, NULL, NULL, 59);
INSERT INTO Play VALUES (   1291832 ,  59 );
INSERT INTO Belong VALUES (  1291832,'剧情');
INSERT INTO Belong VALUES (  1291832,'喜剧');
INSERT INTO Category VALUES ('犯罪' , NULL);
INSERT INTO Belong VALUES (  1291832,'犯罪');
INSERT INTO Movie VALUES (   1291841 , '教父' , 'The Godfather' , '1972' , NULL , 9.2 , 'https://movie.douban.com/subject/1291841/' , 'https://img3.doubanio.com/view/photo/s_ratio_poster/public/p2190556185.webp'    
 , 1 );
INSERT INTO Director VALUES (23, '弗朗西斯·福特·科波拉', NULL, NULL, NULL);
INSERT INTO Direct VALUES (   1291841 ,  23 );
INSERT INTO Actor VALUES ('马龙·白兰度', NULL, NULL, NULL, 60);
INSERT INTO Play VALUES (   1291841 ,  60 );
INSERT INTO Actor VALUES ('阿尔·帕西诺', NULL, NULL, NULL, 61);
INSERT INTO Play VALUES (   1291841 ,  61 );
INSERT INTO Actor VALUES ('詹姆斯·肯恩', NULL, NULL, NULL, 62);
INSERT INTO Play VALUES (   1291841 ,  62 );
INSERT INTO Belong VALUES (  1291841,'剧情');
INSERT INTO Belong VALUES (  1291841,'犯罪');
INSERT INTO Movie VALUES (   1291843 , '黑客帝国' , 'The Matrix' , '1999' , NULL , 8.8 , 'https://movie.douban.com/subject/1291843/' , 'https://img1.doubanio.com/view/photo/s_ratio_poster/public/p451926968.webp'    
 , 1 );
INSERT INTO Director VALUES (24, '莉莉·沃卓斯基', NULL, NULL, NULL);
INSERT INTO Direct VALUES (   1291843 ,  24 );
INSERT INTO Director VALUES (25, '拉娜·沃卓斯基', NULL, NULL, NULL);
INSERT INTO Direct VALUES (   1291843 ,  25 );
INSERT INTO Actor VALUES ('基努·里维斯', NULL, NULL, NULL, 63);
INSERT INTO Play VALUES (   1291843 ,  63 );
INSERT INTO Actor VALUES ('凯瑞-安·莫斯', NULL, NULL, NULL, 64);
INSERT INTO Play VALUES (   1291843 ,  64 );
INSERT INTO Actor VALUES ('劳伦斯·菲什伯恩', NULL, NULL, NULL, 65);
INSERT INTO Play VALUES (   1291843 ,  65 );
INSERT INTO Belong VALUES (  1291843,'动作');
INSERT INTO Belong VALUES (  1291843,'科幻');
INSERT INTO Movie VALUES (   1291844 , '终结者2：审判日' , 'Terminator 2: Judgment Day' , '1991' , NULL , 8.5 , 'https://movie.douban.com/subject/1291844/' , 'https://img3.doubanio.com/view/movie_poster_cover/spst/public/p1910909085.jpg'    
 , 1 );
INSERT INTO Director VALUES (26, '詹姆斯·卡梅隆', NULL, NULL, NULL);
INSERT INTO Direct VALUES (   1291844 ,  26 );
INSERT INTO Actor VALUES ('阿诺·施瓦辛格', NULL, NULL, NULL, 66);
INSERT INTO Play VALUES (   1291844 ,  66 );
INSERT INTO Actor VALUES ('琳达·汉密尔顿', NULL, NULL, NULL, 67);
INSERT INTO Play VALUES (   1291844 ,  67 );
INSERT INTO Actor VALUES ('爱德华·福隆', NULL, NULL, NULL, 68);
INSERT INTO Play VALUES (   1291844 ,  68 );
INSERT INTO Belong VALUES (  1291844,'动作');
INSERT INTO Belong VALUES (  1291844,'科幻');
INSERT INTO Movie VALUES (   1291853 , '英国病人' , 'The English Patient' , '1996' , NULL , 8.4 , 'https://movie.douban.com/subject/1291853/' , 'https://img3.doubanio.com/view/movie_poster_cover/spst/public/p2408623752.jpg'    
 , 1 );
INSERT INTO Director VALUES (27, '安东尼·明格拉', NULL, NULL, NULL);
INSERT INTO Direct VALUES (   1291853 ,  27 );
INSERT INTO Actor VALUES ('拉尔夫·费因斯', NULL, NULL, NULL, 69);
INSERT INTO Play VALUES (   1291853 ,  69 );
INSERT INTO Actor VALUES ('克里斯汀·斯科特·托马斯', NULL, NULL, NULL, 70);
INSERT INTO Play VALUES (   1291853 ,  70 );
INSERT INTO Actor VALUES ('朱丽叶·比诺什', NULL, NULL, NULL, 71);
INSERT INTO Play VALUES (   1291853 ,  71 );
INSERT INTO Belong VALUES (  1291853,'爱情');
INSERT INTO Belong VALUES (  1291853,'剧情');
INSERT INTO Belong VALUES (  1291853,'战争');
INSERT INTO Movie VALUES (   1291858 , '鬼子来了' , '鬼子来了' , '2000' , NULL , 9.2 , 'https://movie.douban.com/subject/1291858/' , 'https://img3.doubanio.com/view/movie_poster_cover/spst/public/p1181775734.jpg'    
 , 1 );
INSERT INTO Director VALUES (28, '姜文', NULL, NULL, NULL);
INSERT INTO Direct VALUES (   1291858 ,  28 );
INSERT INTO Actor VALUES ('姜文', NULL, NULL, NULL, 72);
INSERT INTO Play VALUES (   1291858 ,  72 );
INSERT INTO Actor VALUES ('香川照之', NULL, NULL, NULL, 73);
INSERT INTO Play VALUES (   1291858 ,  73 );
INSERT INTO Actor VALUES ('袁丁', NULL, NULL, NULL, 74);
INSERT INTO Play VALUES (   1291858 ,  74 );
INSERT INTO Belong VALUES (  1291858,'剧情');
INSERT INTO Belong VALUES (  1291858,'战争');
INSERT INTO Movie VALUES (   1291870 , '雨人' , 'Rain Man' , '1988' , NULL , 8.6 , 'https://movie.douban.com/subject/1291870/' , 'https://img3.doubanio.com/view/movie_poster_cover/spst/public/p942376281.jpg'    
 , 1 );
INSERT INTO Director VALUES (29, '巴瑞·莱文森', NULL, NULL, NULL);
INSERT INTO Direct VALUES (   1291870 ,  29 );
INSERT INTO Actor VALUES ('达斯汀·霍夫曼', NULL, NULL, NULL, 75);
INSERT INTO Play VALUES (   1291870 ,  75 );
INSERT INTO Actor VALUES ('汤姆·克鲁斯', NULL, NULL, NULL, 76);
INSERT INTO Play VALUES (   1291870 ,  76 );
INSERT INTO Actor VALUES ('瓦莱丽亚·戈利诺', NULL, NULL, NULL, 77);
INSERT INTO Play VALUES (   1291870 ,  77 );
INSERT INTO Belong VALUES (  1291870,'剧情');
INSERT INTO Movie VALUES (   1291875 , '阳光灿烂的日子' , '阳光灿烂的日子' , '1994' , NULL , 8.7 , 'https://movie.douban.com/subject/1291875/' , 'https://img1.doubanio.com/view/movie_poster_cover/spst/public/p967457079.jpg'    
 , 1 );
INSERT INTO Director VALUES (30, '姜文', NULL, NULL, NULL);
INSERT INTO Direct VALUES (   1291875 ,  30 );
INSERT INTO Actor VALUES ('夏雨', NULL, NULL, NULL, 78);
INSERT INTO Play VALUES (   1291875 ,  78 );
INSERT INTO Actor VALUES ('宁静', NULL, NULL, NULL, 79);
INSERT INTO Play VALUES (   1291875 ,  79 );
INSERT INTO Actor VALUES ('陶虹', NULL, NULL, NULL, 80);
INSERT INTO Play VALUES (   1291875 ,  80 );
INSERT INTO Belong VALUES (  1291875,'剧情');
INSERT INTO Movie VALUES (   1291879 , '罗生门' , '羅生門' , '1950' , NULL , 8.7 , 'https://movie.douban.com/subject/1291879/' , 'https://img1.doubanio.com/view/movie_poster_cover/spst/public/p1864872647.jpg'    
 , 1 );
INSERT INTO Director VALUES (31, '黑泽明', NULL, NULL, NULL);
INSERT INTO Direct VALUES (   1291879 ,  31 );
INSERT INTO Actor VALUES ('三船敏郎', NULL, NULL, NULL, 81);
INSERT INTO Play VALUES (   1291879 ,  81 );
INSERT INTO Actor VALUES ('千秋实', NULL, NULL, NULL, 82);
INSERT INTO Play VALUES (   1291879 ,  82 );
INSERT INTO Actor VALUES ('京町子', NULL, NULL, NULL, 83);
INSERT INTO Play VALUES (   1291879 ,  83 );
INSERT INTO Belong VALUES (  1291879,'犯罪');
INSERT INTO Belong VALUES (  1291879,'剧情');
INSERT INTO Category VALUES ('悬疑' , NULL);
INSERT INTO Belong VALUES (  1291879,'悬疑');
INSERT INTO Movie VALUES (   1291990 , '爱在日落黄昏时' , 'Before Sunset' , '2004' , NULL , 8.7 , 'https://movie.douban.com/subject/1291990/' , 'https://img3.doubanio.com/view/movie_poster_cover/spst/public/p1910924055.jpg'    
 , 1 );
INSERT INTO Director VALUES (32, '理查德·林克莱特', NULL, NULL, NULL);
INSERT INTO Direct VALUES (   1291990 ,  32 );
INSERT INTO Actor VALUES ('伊桑·霍克', NULL, NULL, NULL, 84);
INSERT INTO Play VALUES (   1291990 ,  84 );
INSERT INTO Actor VALUES ('朱莉·德尔佩', NULL, NULL, NULL, 85);
INSERT INTO Play VALUES (   1291990 ,  85 );
INSERT INTO Actor VALUES ('弗农·多布切夫', NULL, NULL, NULL, 86);
INSERT INTO Play VALUES (   1291990 ,  86 );
INSERT INTO Belong VALUES (  1291990,'剧情');
INSERT INTO Belong VALUES (  1291990,'爱情');
INSERT INTO Movie VALUES (   1291992 , '末路狂花' , 'Thelma & Louise' , '1991' , NULL , 8.7 , 'https://movie.douban.com/subject/1291992/' , 'https://img3.doubanio.com/view/movie_poster_cover/spst/public/p794583044.jpg'    
 , 1 );
INSERT INTO Director VALUES (33, '雷德利·斯科特', NULL, NULL, NULL);
INSERT INTO Direct VALUES (   1291992 ,  33 );
INSERT INTO Actor VALUES ('吉娜·戴维斯', NULL, NULL, NULL, 87);
INSERT INTO Play VALUES (   1291992 ,  87 );
INSERT INTO Actor VALUES ('苏珊·萨兰登', NULL, NULL, NULL, 88);
INSERT INTO Play VALUES (   1291992 ,  88 );
INSERT INTO Actor VALUES ('哈威·凯特尔', NULL, NULL, NULL, 89);
INSERT INTO Play VALUES (   1291992 ,  89 );
INSERT INTO Belong VALUES (  1291992,'犯罪');
INSERT INTO Belong VALUES (  1291992,'剧情');
INSERT INTO Category VALUES ('惊悚' , NULL);
INSERT INTO Belong VALUES (  1291992,'惊悚');
INSERT INTO Movie VALUES (   1291999 , '重庆森林' , '重慶森林' , '1994' , NULL , 8.6 , 'https://movie.douban.com/subject/1291999/' , 'https://img3.doubanio.com/view/movie_poster_cover/spst/public/p792381411.jpg'    
 , 1 );
INSERT INTO Director VALUES (34, '王家卫', NULL, NULL, NULL);
INSERT INTO Direct VALUES (   1291999 ,  34 );
INSERT INTO Actor VALUES ('林青霞', NULL, NULL, NULL, 90);
INSERT INTO Play VALUES (   1291999 ,  90 );
INSERT INTO Actor VALUES ('金城武', NULL, NULL, NULL, 91);
INSERT INTO Play VALUES (   1291999 ,  91 );
INSERT INTO Actor VALUES ('梁朝伟', NULL, NULL, NULL, 92);
INSERT INTO Play VALUES (   1291999 ,  92 );
INSERT INTO Belong VALUES (  1291999,'剧情');
INSERT INTO Belong VALUES (  1291999,'爱情');
INSERT INTO Movie VALUES (   1292000 , '搏击俱乐部' , 'Fight Club' , '1999' , NULL , 9.0 , 'https://movie.douban.com/subject/1292000/' , 'https://img1.doubanio.com/view/movie_poster_cover/spst/public/p1910926158.jpg'    
 , 1 );
INSERT INTO Director VALUES (35, '大卫·芬奇', NULL, NULL, NULL);
INSERT INTO Direct VALUES (   1292000 ,  35 );
INSERT INTO Actor VALUES ('爱德华·诺顿', NULL, NULL, NULL, 93);
INSERT INTO Play VALUES (   1292000 ,  93 );
INSERT INTO Actor VALUES ('布拉德·皮特', NULL, NULL, NULL, 94);
INSERT INTO Play VALUES (   1292000 ,  94 );
INSERT INTO Actor VALUES ('海伦娜·伯翰·卡特', NULL, NULL, NULL, 95);
INSERT INTO Play VALUES (   1292000 ,  95 );
INSERT INTO Belong VALUES (  1292000,'剧情');
INSERT INTO Belong VALUES (  1292000,'动作');
INSERT INTO Belong VALUES (  1292000,'悬疑');
INSERT INTO Movie VALUES (   1292001 , '海上钢琴师' , 'La leggenda del pianista sull/oceano' , '1998' , NULL , 9.2 , 'https://movie.douban.com/subject/1292001/' , 'https://img1.doubanio.com/view/photo/s_ratio_poster/public/p511146807.webp'    
 , 1 );
INSERT INTO Director VALUES (36, '朱塞佩·托纳多雷', NULL, NULL, NULL);
INSERT INTO Direct VALUES (   1292001 ,  36 );
INSERT INTO Actor VALUES ('蒂姆·罗斯', NULL, NULL, NULL, 96);
INSERT INTO Play VALUES (   1292001 ,  96 );
INSERT INTO Actor VALUES ('普路特·泰勒·文斯', NULL, NULL, NULL, 97);
INSERT INTO Play VALUES (   1292001 ,  97 );
INSERT INTO Actor VALUES ('比尔·努恩', NULL, NULL, NULL, 98);
INSERT INTO Play VALUES (   1292001 ,  98 );
INSERT INTO Belong VALUES (  1292001,'剧情');
INSERT INTO Belong VALUES (  1292001,'音乐');
INSERT INTO Movie VALUES (   1292052 , '肖申克的救赎' , 'The Shawshank Redemption' , '1994' , NULL , 9.6 , 'https://movie.douban.com/subject/1292052/' , 'https://img3.doubanio.com/view/movie_poster_cover/spst/public/p480747492.jpg'    
 , 1 );
INSERT INTO Director VALUES (37, '弗兰克·德拉邦特', NULL, NULL, NULL);
INSERT INTO Direct VALUES (   1292052 ,  37 );
INSERT INTO Actor VALUES ('蒂姆·罗宾斯', NULL, NULL, NULL, 99);
INSERT INTO Play VALUES (   1292052 ,  99 );
INSERT INTO Actor VALUES ('摩根·弗里曼', NULL, NULL, NULL, 100);
INSERT INTO Play VALUES (   1292052 ,  100 );
INSERT INTO Actor VALUES ('鲍勃·冈顿', NULL, NULL, NULL, 101);
INSERT INTO Play VALUES (   1292052 ,  101 );
INSERT INTO Belong VALUES (  1292052,'犯罪');
INSERT INTO Belong VALUES (  1292052,'剧情');
INSERT INTO Movie VALUES (   1292056 , '蝴蝶' , 'Le Papillon' , '2002' , NULL , 8.6 , 'https://movie.douban.com/subject/1292056/' , 'https://img3.doubanio.com/view/movie_poster_cover/spst/public/p1451436171.jpg'    
 , 1 );
INSERT INTO Director VALUES (38, '费利普·弥勒', NULL, NULL, NULL);
INSERT INTO Direct VALUES (   1292056 ,  38 );
INSERT INTO Actor VALUES ('米歇尔·塞罗尔', NULL, NULL, NULL, 102);
INSERT INTO Play VALUES (   1292056 ,  102 );
INSERT INTO Actor VALUES ('柯莱儿·布翁尼许', NULL, NULL, NULL, 103);
INSERT INTO Play VALUES (   1292056 ,  103 );
INSERT INTO Actor VALUES ('娜德·蒂约', NULL, NULL, NULL, 104);
INSERT INTO Play VALUES (   1292056 ,  104 );
INSERT INTO Belong VALUES (  1292056,'剧情');
INSERT INTO Belong VALUES (  1292056,'儿童');
INSERT INTO Belong VALUES (  1292056,'喜剧');
INSERT INTO Movie VALUES (   1292062 , '美国丽人' , 'American Beauty' , '1999' , NULL , 8.4 , 'https://movie.douban.com/subject/1292062/' , 'https://img3.doubanio.com/view/movie_poster_cover/spst/public/p571671715.jpg'    
 , 1 );
INSERT INTO Director VALUES (39, '萨姆·门德斯', NULL, NULL, NULL);
INSERT INTO Direct VALUES (   1292062 ,  39 );
INSERT INTO Actor VALUES ('凯文·史派西', NULL, NULL, NULL, 105);
INSERT INTO Play VALUES (   1292062 ,  105 );
INSERT INTO Actor VALUES ('安妮特·贝宁', NULL, NULL, NULL, 106);
INSERT INTO Play VALUES (   1292062 ,  106 );
INSERT INTO Actor VALUES ('索拉·伯奇', NULL, NULL, NULL, 107);
INSERT INTO Play VALUES (   1292062 ,  107 );
INSERT INTO Belong VALUES (  1292062,'剧情');
INSERT INTO Belong VALUES (  1292062,'家庭');
INSERT INTO Movie VALUES (   1292063 , '美丽人生' , 'La vita è bella' , '1997' , NULL , 9.5 , 'https://movie.douban.com/subject/1292063/' , 'https://img3.doubanio.com/view/movie_poster_cover/spst/public/p510861873.jpg'    
 , 1 );
INSERT INTO Director VALUES (40, '罗伯托·贝尼尼', NULL, NULL, NULL);
INSERT INTO Direct VALUES (   1292063 ,  40 );
INSERT INTO Actor VALUES ('罗伯托·贝尼尼', NULL, NULL, NULL, 108);
INSERT INTO Play VALUES (   1292063 ,  108 );
INSERT INTO Actor VALUES ('尼可莱塔·布拉斯基', NULL, NULL, NULL, 109);
INSERT INTO Play VALUES (   1292063 ,  109 );
INSERT INTO Actor VALUES ('乔治·坎塔里尼', NULL, NULL, NULL, 110);
INSERT INTO Play VALUES (   1292063 ,  110 );
INSERT INTO Belong VALUES (  1292063,'剧情');
INSERT INTO Belong VALUES (  1292063,'喜剧');
INSERT INTO Belong VALUES (  1292063,'爱情');
INSERT INTO Movie VALUES (   1292064 , '楚门的世界' , 'The Truman Show' , '1998' , NULL , 9.0 , 'https://movie.douban.com/subject/1292064/' , 'https://img3.doubanio.com/view/movie_poster_cover/spst/public/p479682972.jpg'    
 , 1 );
INSERT INTO Director VALUES (41, '彼得·威尔', NULL, NULL, NULL);
INSERT INTO Direct VALUES (   1292064 ,  41 );
INSERT INTO Actor VALUES ('金·凯瑞', NULL, NULL, NULL, 111);
INSERT INTO Play VALUES (   1292064 ,  111 );
INSERT INTO Actor VALUES ('劳拉·琳妮', NULL, NULL, NULL, 112);
INSERT INTO Play VALUES (   1292064 ,  112 );
INSERT INTO Actor VALUES ('艾德·哈里斯', NULL, NULL, NULL, 113);
INSERT INTO Play VALUES (   1292064 ,  113 );
INSERT INTO Belong VALUES (  1292064,'剧情');
INSERT INTO Belong VALUES (  1292064,'科幻');
INSERT INTO Movie VALUES (   1292208 , '上帝之城' , 'Cidade de Deus' , '2002' , NULL , 8.9 , 'https://movie.douban.com/subject/1292208/' , 'https://img3.doubanio.com/view/movie_poster_cover/spst/public/p455677490.jpg'    
 , 1 );
INSERT INTO Director VALUES (42, '卡迪亚·兰德', NULL, NULL, NULL);
INSERT INTO Direct VALUES (   1292208 ,  42 );
INSERT INTO Director VALUES (43, '费尔南多·梅里尔斯', NULL, NULL, NULL);
INSERT INTO Direct VALUES (   1292208 ,  43 );
INSERT INTO Actor VALUES ('亚历桑德雷·罗德里格斯', NULL, NULL, NULL, 114);
INSERT INTO Play VALUES (   1292208 ,  114 );
INSERT INTO Actor VALUES ('莱安德鲁·菲尔米诺', NULL, NULL, NULL, 115);
INSERT INTO Play VALUES (   1292208 ,  115 );
INSERT INTO Actor VALUES ('菲利佩·哈根森', NULL, NULL, NULL, 116);
INSERT INTO Play VALUES (   1292208 ,  116 );
INSERT INTO Belong VALUES (  1292208,'犯罪');
INSERT INTO Belong VALUES (  1292208,'剧情');
INSERT INTO Movie VALUES (   1292213 , '大话西游之大圣娶亲' , '西遊記大結局之仙履奇緣' , '1995' , NULL , 9.2 , 'https://movie.douban.com/subject/1292213/' , 'https://img3.doubanio.com/view/movie_poster_cover/spst/public/p2455050536.jpg'    
 , 1 );
INSERT INTO Director VALUES (44, '刘镇伟', NULL, NULL, NULL);
INSERT INTO Direct VALUES (   1292213 ,  44 );
INSERT INTO Actor VALUES ('周星驰', NULL, NULL, NULL, 117);
INSERT INTO Play VALUES (   1292213 ,  117 );
INSERT INTO Actor VALUES ('吴孟达', NULL, NULL, NULL, 118);
INSERT INTO Play VALUES (   1292213 ,  118 );
INSERT INTO Actor VALUES ('朱茵', NULL, NULL, NULL, 119);
INSERT INTO Play VALUES (   1292213 ,  119 );
INSERT INTO Belong VALUES (  1292213,'动作');
INSERT INTO Belong VALUES (  1292213,'冒险');
INSERT INTO Belong VALUES (  1292213,'喜剧');
INSERT INTO Movie VALUES (   1292214 , '非常嫌疑犯' , 'The Usual Suspects' , '1995' , NULL , 8.6 , 'https://movie.douban.com/subject/1292214/' , 'https://img3.doubanio.com/view/movie_poster_cover/spst/public/p470383576.jpg'    
 , 1 );
INSERT INTO Director VALUES (45, '布莱恩·辛格', NULL, NULL, NULL);
INSERT INTO Direct VALUES (   1292214 ,  45 );
INSERT INTO Actor VALUES ('史蒂芬·鲍德温', NULL, NULL, NULL, 120);
INSERT INTO Play VALUES (   1292214 ,  120 );
INSERT INTO Actor VALUES ('加布里埃尔·伯恩', NULL, NULL, NULL, 121);
INSERT INTO Play VALUES (   1292214 ,  121 );
INSERT INTO Actor VALUES ('本尼西奥·德尔·托罗', NULL, NULL, NULL, 122);
INSERT INTO Play VALUES (   1292214 ,  122 );
INSERT INTO Belong VALUES (  1292214,'剧情');
INSERT INTO Belong VALUES (  1292214,'犯罪');
INSERT INTO Belong VALUES (  1292214,'悬疑');
INSERT INTO Movie VALUES (   1292215 , '天使爱美丽' , 'Le fabuleux destin d/Amélie Poulain' , '2001' , NULL , 8.7 , 'https://movie.douban.com/subject/1292215/' , 'https://img3.doubanio.com/view/movie_poster_cover/spst/public/p803896904.jpg'    
 , 1 );
INSERT INTO Director VALUES (46, '让-皮埃尔·热内', NULL, NULL, NULL);
INSERT INTO Direct VALUES (   1292215 ,  46 );
INSERT INTO Actor VALUES ('奥黛丽·塔图', NULL, NULL, NULL, 123);
INSERT INTO Play VALUES (   1292215 ,  123 );
INSERT INTO Actor VALUES ('马修·卡索维茨', NULL, NULL, NULL, 124);
INSERT INTO Play VALUES (   1292215 ,  124 );
INSERT INTO Actor VALUES ('吕菲斯', NULL, NULL, NULL, 125);
INSERT INTO Play VALUES (   1292215 ,  125 );
INSERT INTO Belong VALUES (  1292215,'喜剧');
INSERT INTO Belong VALUES (  1292215,'爱情');
INSERT INTO Movie VALUES (   1292217 , '穆赫兰道' , 'Mulholland Dr.' , '2001' , NULL , 8.3 , 'https://movie.douban.com/subject/1292217/' , 'https://img3.doubanio.com/view/movie_poster_cover/spst/public/p792248233.jpg'    
 , 1 );
INSERT INTO Director VALUES (47, '大卫·林奇', NULL, NULL, NULL);
INSERT INTO Direct VALUES (   1292217 ,  47 );
INSERT INTO Actor VALUES ('娜奥米·沃茨', NULL, NULL, NULL, 126);
INSERT INTO Play VALUES (   1292217 ,  126 );
INSERT INTO Actor VALUES ('劳拉·哈灵', NULL, NULL, NULL, 127);
INSERT INTO Play VALUES (   1292217 ,  127 );
INSERT INTO Actor VALUES ('安·米勒', NULL, NULL, NULL, 128);
INSERT INTO Play VALUES (   1292217 ,  128 );
INSERT INTO Belong VALUES (  1292217,'剧情');
INSERT INTO Belong VALUES (  1292217,'悬疑');
INSERT INTO Belong VALUES (  1292217,'惊悚');
INSERT INTO Movie VALUES (   1292218 , '中央车站' , 'Central do Brasil' , '1998' , NULL , 8.7 , 'https://movie.douban.com/subject/1292218/' , 'https://img3.doubanio.com/view/photo/s_ratio_poster/public/p976338551.webp'    
 , 1 );
INSERT INTO Director VALUES (48, '沃尔特·塞勒斯', NULL, NULL, NULL);
INSERT INTO Direct VALUES (   1292218 ,  48 );
INSERT INTO Actor VALUES ('费尔兰德·蒙特纳哥', NULL, NULL, NULL, 129);
INSERT INTO Play VALUES (   1292218 ,  129 );
INSERT INTO Actor VALUES ('马里利娅·佩拉', NULL, NULL, NULL, 130);
INSERT INTO Play VALUES (   1292218 ,  130 );
INSERT INTO Actor VALUES ('文尼西斯·狄·奥利维拉', NULL, NULL, NULL, 131);
INSERT INTO Play VALUES (   1292218 ,  131 );
INSERT INTO Belong VALUES (  1292218,'剧情');
INSERT INTO Movie VALUES (   1292220 , '情书' , 'Love Letter' , '1995' , NULL , 8.8 , 'https://movie.douban.com/subject/1292220/' , 'https://img1.doubanio.com/view/movie_poster_cover/spst/public/p449897379.jpg'    
 , 1 );
INSERT INTO Director VALUES (49, '岩井俊二', NULL, NULL, NULL);
INSERT INTO Direct VALUES (   1292220 ,  49 );
INSERT INTO Actor VALUES ('中山美穗', NULL, NULL, NULL, 132);
INSERT INTO Play VALUES (   1292220 ,  132 );
INSERT INTO Actor VALUES ('丰川悦司', NULL, NULL, NULL, 133);
INSERT INTO Play VALUES (   1292220 ,  133 );
INSERT INTO Actor VALUES ('酒井美纪', NULL, NULL, NULL, 134);
INSERT INTO Play VALUES (   1292220 ,  134 );
INSERT INTO Belong VALUES (  1292220,'剧情');
INSERT INTO Belong VALUES (  1292220,'爱情');
INSERT INTO Movie VALUES (   1292223 , '七宗罪' , 'Se7en' , '1995' , NULL , 8.7 , 'https://movie.douban.com/subject/1292223/' , 'https://img3.doubanio.com/view/movie_poster_cover/spst/public/p457631605.jpg'    
 , 1 );
INSERT INTO Director VALUES (50, '大卫·芬奇', NULL, NULL, NULL);
INSERT INTO Direct VALUES (   1292223 ,  50 );
INSERT INTO Actor VALUES ('摩根·弗里曼', NULL, NULL, NULL, 135);
INSERT INTO Play VALUES (   1292223 ,  135 );
INSERT INTO Actor VALUES ('布拉德·皮特', NULL, NULL, NULL, 136);
INSERT INTO Play VALUES (   1292223 ,  136 );
INSERT INTO Actor VALUES ('凯文·史派西', NULL, NULL, NULL, 137);
INSERT INTO Play VALUES (   1292223 ,  137 );
INSERT INTO Belong VALUES (  1292223,'剧情');
INSERT INTO Belong VALUES (  1292223,'犯罪');
INSERT INTO Belong VALUES (  1292223,'悬疑');
INSERT INTO Movie VALUES (   1292224 , '飞越疯人院' , 'One Flew Over the Cuckoo/s Nest' , '1975' , NULL , 9.0 , 'https://movie.douban.com/subject/1292224/' , 'https://img1.doubanio.com/view/movie_poster_cover/spst/public/p792238287.jpg'    
 , 1 );
INSERT INTO Director VALUES (51, '米洛斯·福尔曼', NULL, NULL, NULL);
INSERT INTO Direct VALUES (   1292224 ,  51 );
INSERT INTO Actor VALUES ('杰克·尼科尔森', NULL, NULL, NULL, 138);
INSERT INTO Play VALUES (   1292224 ,  138 );
INSERT INTO Actor VALUES ('丹尼·德维托', NULL, NULL, NULL, 139);
INSERT INTO Play VALUES (   1292224 ,  139 );
INSERT INTO Actor VALUES ('克里斯托弗·洛伊德', NULL, NULL, NULL, 140);
INSERT INTO Play VALUES (   1292224 ,  140 );
INSERT INTO Belong VALUES (  1292224,'剧情');
INSERT INTO Movie VALUES (   1292233 , '发条橙' , 'A Clockwork Orange' , '1971' , NULL , 8.4 , 'https://movie.douban.com/subject/1292233/' , 'https://img3.doubanio.com/view/movie_poster_cover/spst/public/p529908155.jpg'    
 , 1 );
INSERT INTO Director VALUES (52, '斯坦利·库布里克', NULL, NULL, NULL);
INSERT INTO Direct VALUES (   1292233 ,  52 );
INSERT INTO Actor VALUES ('马尔科姆·麦克道威尔', NULL, NULL, NULL, 141);
INSERT INTO Play VALUES (   1292233 ,  141 );
INSERT INTO Actor VALUES ('帕特里克·马基', NULL, NULL, NULL, 142);
INSERT INTO Play VALUES (   1292233 ,  142 );
INSERT INTO Actor VALUES ('迈克尔·贝茨', NULL, NULL, NULL, 143);
INSERT INTO Play VALUES (   1292233 ,  143 );
INSERT INTO Belong VALUES (  1292233,'犯罪');
INSERT INTO Belong VALUES (  1292233,'剧情');
INSERT INTO Belong VALUES (  1292233,'科幻');
INSERT INTO Movie VALUES (   1292262 , '美国往事' , 'Once Upon a Time in America' , '1984' , NULL , 9.1 , 'https://movie.douban.com/subject/1292262/' , 'https://img1.doubanio.com/view/movie_poster_cover/spst/public/p477229647.jpg'    
 , 1 );
INSERT INTO Director VALUES (53, '赛尔乔·莱翁内', NULL, NULL, NULL);
INSERT INTO Direct VALUES (   1292262 ,  53 );
INSERT INTO Actor VALUES ('罗伯特·德尼罗', NULL, NULL, NULL, 144);
INSERT INTO Play VALUES (   1292262 ,  144 );
INSERT INTO Actor VALUES ('詹姆斯·伍兹', NULL, NULL, NULL, 145);
INSERT INTO Play VALUES (   1292262 ,  145 );
INSERT INTO Actor VALUES ('伊丽莎白·麦戈文', NULL, NULL, NULL, 146);
INSERT INTO Play VALUES (   1292262 ,  146 );
INSERT INTO Belong VALUES (  1292262,'犯罪');
INSERT INTO Belong VALUES (  1292262,'剧情');
INSERT INTO Movie VALUES (   1292270 , '梦之安魂曲' , 'Requiem for a Dream' , '2000' , NULL , 8.7 , 'https://movie.douban.com/subject/1292270/' , 'https://img3.doubanio.com/view/movie_poster_cover/spst/public/p884936202.jpg'    
 , 1 );
INSERT INTO Director VALUES (54, '达伦·阿伦诺夫斯基', NULL, NULL, NULL);
INSERT INTO Direct VALUES (   1292270 ,  54 );
INSERT INTO Actor VALUES ('艾伦·伯斯汀', NULL, NULL, NULL, 147);
INSERT INTO Play VALUES (   1292270 ,  147 );
INSERT INTO Actor VALUES ('杰瑞德·莱托', NULL, NULL, NULL, 148);
INSERT INTO Play VALUES (   1292270 ,  148 );
INSERT INTO Actor VALUES ('詹妮弗·康纳利', NULL, NULL, NULL, 149);
INSERT INTO Play VALUES (   1292270 ,  149 );
INSERT INTO Belong VALUES (  1292270,'剧情');
INSERT INTO Movie VALUES (   1292274 , '幸福终点站' , 'The Terminal' , '2004' , NULL , 8.6 , 'https://movie.douban.com/subject/1292274/' , 'https://img3.doubanio.com/view/photo/s_ratio_poster/public/p792263736.webp'    
 , 1 );
INSERT INTO Director VALUES (55, '史蒂文·斯皮尔伯格', NULL, NULL, NULL);
INSERT INTO Direct VALUES (   1292274 ,  55 );
INSERT INTO Actor VALUES ('汤姆·汉克斯', NULL, NULL, NULL, 150);
INSERT INTO Play VALUES (   1292274 ,  150 );
INSERT INTO Actor VALUES ('凯瑟琳·泽塔-琼斯', NULL, NULL, NULL, 151);
INSERT INTO Play VALUES (   1292274 ,  151 );
INSERT INTO Actor VALUES ('斯坦利·图齐', NULL, NULL, NULL, 152);
INSERT INTO Play VALUES (   1292274 ,  152 );
INSERT INTO Belong VALUES (  1292274,'喜剧');
INSERT INTO Belong VALUES (  1292274,'剧情');
INSERT INTO Belong VALUES (  1292274,'爱情');
INSERT INTO Movie VALUES (   1292281 , '迁徙的鸟' , 'Le peuple migrateur' , '2001' , NULL , 9.1 , 'https://movie.douban.com/subject/1292281/' , 'https://img1.doubanio.com/view/movie_poster_cover/spst/public/p2238274168.jpg'    
 , 1 );
INSERT INTO Director VALUES (56, '雅克·贝汉', NULL, NULL, NULL);
INSERT INTO Direct VALUES (   1292281 ,  56 );
INSERT INTO Actor VALUES ('雅克·克鲁奥德', NULL, NULL, NULL, 153);
INSERT INTO Play VALUES (   1292281 ,  153 );
INSERT INTO Actor VALUES ('米歇尔·德巴', NULL, NULL, NULL, 154);
INSERT INTO Play VALUES (   1292281 ,  154 );
INSERT INTO Category VALUES ('纪录片' , NULL);
INSERT INTO Belong VALUES (  1292281,'纪录片');
INSERT INTO Movie VALUES (   1292287 , '新龙门客栈' , '新龍門客棧' , '1992' , NULL , 8.4 , 'https://movie.douban.com/subject/1292287/' , 'https://img1.doubanio.com/view/movie_poster_cover/spst/public/p1421018669.jpg'    
 , 1 );
INSERT INTO Director VALUES (57, '李惠民', NULL, NULL, NULL);
INSERT INTO Direct VALUES (   1292287 ,  57 );
INSERT INTO Actor VALUES ('张曼玉', NULL, NULL, NULL, 155);
INSERT INTO Play VALUES (   1292287 ,  155 );
INSERT INTO Actor VALUES ('林青霞', NULL, NULL, NULL, 156);
INSERT INTO Play VALUES (   1292287 ,  156 );
INSERT INTO Actor VALUES ('梁家辉', NULL, NULL, NULL, 157);
INSERT INTO Play VALUES (   1292287 ,  157 );
INSERT INTO Belong VALUES (  1292287,'剧情');
INSERT INTO Belong VALUES (  1292287,'动作');
INSERT INTO Category VALUES ('武侠' , NULL);
INSERT INTO Belong VALUES (  1292287,'武侠');
INSERT INTO Movie VALUES (   1292328 , '东邪西毒' , '東邪西毒' , '1994' , NULL , 8.6 , 'https://movie.douban.com/subject/1292328/' , 'https://img3.doubanio.com/view/movie_poster_cover/spst/public/p1982176012.jpg'    
 , 1 );
INSERT INTO Director VALUES (58, '王家卫', NULL, NULL, NULL);
INSERT INTO Direct VALUES (   1292328 ,  58 );
INSERT INTO Actor VALUES ('张国荣', NULL, NULL, NULL, 158);
INSERT INTO Play VALUES (   1292328 ,  158 );
INSERT INTO Actor VALUES ('张曼玉', NULL, NULL, NULL, 159);
INSERT INTO Play VALUES (   1292328 ,  159 );
INSERT INTO Actor VALUES ('梁朝伟', NULL, NULL, NULL, 160);
INSERT INTO Play VALUES (   1292328 ,  160 );
INSERT INTO Belong VALUES (  1292328,'剧情');
INSERT INTO Belong VALUES (  1292328,'动作');
INSERT INTO Belong VALUES (  1292328,'爱情');
INSERT INTO Movie VALUES (   1292329 , '牯岭街少年杀人事件' , '牯嶺街少年殺人事件' , '1991' , NULL , 8.7 , 'https://movie.douban.com/subject/1292329/' , 'https://img3.doubanio.com/view/movie_poster_cover/spst/public/p848381236.jpg'    
 , 1 );
INSERT INTO Director VALUES (59, '杨德昌', NULL, NULL, NULL);
INSERT INTO Direct VALUES (   1292329 ,  59 );
INSERT INTO Actor VALUES ('张震', NULL, NULL, NULL, 161);
INSERT INTO Play VALUES (   1292329 ,  161 );
INSERT INTO Actor VALUES ('杨静怡', NULL, NULL, NULL, 162);
INSERT INTO Play VALUES (   1292329 ,  162 );
INSERT INTO Actor VALUES ('张国柱', NULL, NULL, NULL, 163);
INSERT INTO Play VALUES (   1292329 ,  163 );
INSERT INTO Belong VALUES (  1292329,'剧情');
INSERT INTO Belong VALUES (  1292329,'犯罪');
INSERT INTO Movie VALUES (   1292343 , '蝴蝶效应' , 'The Butterfly Effect' , '2004' , NULL , 8.7 , 'https://movie.douban.com/subject/1292343/' , 'https://img1.doubanio.com/view/movie_poster_cover/spst/public/p2209066019.jpg'    
 , 1 );
INSERT INTO Director VALUES (60, '埃里克·布雷斯', NULL, NULL, NULL);
INSERT INTO Direct VALUES (   1292343 ,  60 );
INSERT INTO Director VALUES (61, 'J·麦基·格鲁伯', NULL, NULL, NULL);
INSERT INTO Direct VALUES (   1292343 ,  61 );
INSERT INTO Actor VALUES ('阿什顿·库彻', NULL, NULL, NULL, 164);
INSERT INTO Play VALUES (   1292343 ,  164 );
INSERT INTO Actor VALUES ('梅罗拉·沃特斯', NULL, NULL, NULL, 165);
INSERT INTO Play VALUES (   1292343 ,  165 );
INSERT INTO Actor VALUES ('艾米·斯马特', NULL, NULL, NULL, 166);
INSERT INTO Play VALUES (   1292343 ,  166 );
INSERT INTO Belong VALUES (  1292343,'剧情');
INSERT INTO Belong VALUES (  1292343,'悬疑');
INSERT INTO Belong VALUES (  1292343,'科幻');
INSERT INTO Movie VALUES (   1292365 , '活着' , '活着' , '1994' , NULL , 9.1 , 'https://movie.douban.com/subject/1292365/' , 'https://img3.doubanio.com/view/photo/s_ratio_poster/public/p2513253791.webp'    
 , 1 );
INSERT INTO Director VALUES (62, '张艺谋', NULL, NULL, NULL);
INSERT INTO Direct VALUES (   1292365 ,  62 );
INSERT INTO Actor VALUES ('葛优', NULL, NULL, NULL, 167);
INSERT INTO Play VALUES (   1292365 ,  167 );
INSERT INTO Actor VALUES ('巩俐', NULL, NULL, NULL, 168);
INSERT INTO Play VALUES (   1292365 ,  168 );
INSERT INTO Actor VALUES ('姜武', NULL, NULL, NULL, 169);
INSERT INTO Play VALUES (   1292365 ,  169 );
INSERT INTO Belong VALUES (  1292365,'剧情');
INSERT INTO Belong VALUES (  1292365,'家庭');
INSERT INTO Movie VALUES (   1292370 , '剪刀手爱德华' , 'Edward Scissorhands' , '1990' , NULL , 8.7 , 'https://movie.douban.com/subject/1292370/' , 'https://img1.doubanio.com/view/movie_poster_cover/spst/public/p480956937.jpg'    
 , 1 );
INSERT INTO Director VALUES (63, '蒂姆·波顿', NULL, NULL, NULL);
INSERT INTO Direct VALUES (   1292370 ,  63 );
INSERT INTO Actor VALUES ('约翰尼·德普', NULL, NULL, NULL, 170);
INSERT INTO Play VALUES (   1292370 ,  170 );
INSERT INTO Actor VALUES ('薇诺娜·瑞德', NULL, NULL, NULL, 171);
INSERT INTO Play VALUES (   1292370 ,  171 );
INSERT INTO Actor VALUES ('黛安·韦斯特', NULL, NULL, NULL, 172);
INSERT INTO Play VALUES (   1292370 ,  172 );
INSERT INTO Belong VALUES (  1292370,'剧情');
INSERT INTO Belong VALUES (  1292370,'奇幻');
INSERT INTO Belong VALUES (  1292370,'爱情');
INSERT INTO Movie VALUES (   1292401 , '真爱至上' , 'Love Actually' , '2003' , NULL , 8.5 , 'https://movie.douban.com/subject/1292401/' , 'https://img3.doubanio.com/view/movie_poster_cover/spst/public/p475600770.jpg'    
 , 1 );
INSERT INTO Director VALUES (64, '理查德·柯蒂斯', NULL, NULL, NULL);
INSERT INTO Direct VALUES (   1292401 ,  64 );
INSERT INTO Actor VALUES ('休·格兰特', NULL, NULL, NULL, 173);
INSERT INTO Play VALUES (   1292401 ,  173 );
INSERT INTO Actor VALUES ('科林·费尔斯', NULL, NULL, NULL, 174);
INSERT INTO Play VALUES (   1292401 ,  174 );
INSERT INTO Actor VALUES ('艾玛·汤普森', NULL, NULL, NULL, 175);
INSERT INTO Play VALUES (   1292401 ,  175 );
INSERT INTO Belong VALUES (  1292401,'喜剧');
INSERT INTO Belong VALUES (  1292401,'剧情');
INSERT INTO Belong VALUES (  1292401,'爱情');
INSERT INTO Movie VALUES (   1292402 , '西西里的美丽传说' , 'Malèna' , '2000' , NULL , 8.7 , 'https://movie.douban.com/subject/1292402/' , 'https://img3.doubanio.com/view/movie_poster_cover/spst/public/p792400696.jpg'    
 , 1 );
INSERT INTO Director VALUES (65, '朱塞佩·托纳多雷', NULL, NULL, NULL);
INSERT INTO Direct VALUES (   1292402 ,  65 );
INSERT INTO Actor VALUES ('莫妮卡·贝鲁奇', NULL, NULL, NULL, 176);
INSERT INTO Play VALUES (   1292402 ,  176 );
INSERT INTO Actor VALUES ('朱塞佩·苏尔法罗', NULL, NULL, NULL, 177);
INSERT INTO Play VALUES (   1292402 ,  177 );
INSERT INTO Actor VALUES ('Luciano Federico', NULL, NULL, NULL, 178);
INSERT INTO Play VALUES (   1292402 ,  178 );
INSERT INTO Belong VALUES (  1292402,'剧情');
INSERT INTO Belong VALUES (  1292402,'战争');
INSERT INTO Category VALUES ('情色' , NULL);
INSERT INTO Belong VALUES (  1292402,'情色');
INSERT INTO Movie VALUES (   1292434 , '一一' , '一一' , '2000' , NULL , 8.9 , 'https://movie.douban.com/subject/1292434/' , 'https://img1.doubanio.com/view/movie_poster_cover/spst/public/p2119675128.jpg'    
 , 1 );
INSERT INTO Director VALUES (66, '杨德昌', NULL, NULL, NULL);
INSERT INTO Direct VALUES (   1292434 ,  66 );
INSERT INTO Actor VALUES ('吴念真', NULL, NULL, NULL, 179);
INSERT INTO Play VALUES (   1292434 ,  179 );
INSERT INTO Actor VALUES ('李凯莉', NULL, NULL, NULL, 180);
INSERT INTO Play VALUES (   1292434 ,  180 );
INSERT INTO Actor VALUES ('金燕玲', NULL, NULL, NULL, 181);
INSERT INTO Play VALUES (   1292434 ,  181 );
INSERT INTO Belong VALUES (  1292434,'剧情');
INSERT INTO Belong VALUES (  1292434,'爱情');
INSERT INTO Belong VALUES (  1292434,'家庭');
INSERT INTO Movie VALUES (   1292528 , '猜火车' , 'Trainspotting' , '1996' , NULL , 8.5 , 'https://movie.douban.com/subject/1292528/' , 'https://img1.doubanio.com/view/movie_poster_cover/spst/public/p513567548.jpg'    
 , 1 );
INSERT INTO Director VALUES (67, '丹尼·博伊尔', NULL, NULL, NULL);
INSERT INTO Direct VALUES (   1292528 ,  67 );
INSERT INTO Actor VALUES ('伊万·麦克格雷格', NULL, NULL, NULL, 182);
INSERT INTO Play VALUES (   1292528 ,  182 );
INSERT INTO Actor VALUES ('艾文·布莱纳', NULL, NULL, NULL, 183);
INSERT INTO Play VALUES (   1292528 ,  183 );
INSERT INTO Actor VALUES ('约翰尼·李·米勒', NULL, NULL, NULL, 184);
INSERT INTO Play VALUES (   1292528 ,  184 );
INSERT INTO Belong VALUES (  1292528,'犯罪');
INSERT INTO Belong VALUES (  1292528,'剧情');
INSERT INTO Movie VALUES (   1292656 , '心灵捕手' , 'Good Will Hunting' , '1997' , NULL , 8.7 , 'https://movie.douban.com/subject/1292656/' , 'https://img3.doubanio.com/view/movie_poster_cover/spst/public/p480965695.jpg'    
 , 1 );
INSERT INTO Director VALUES (68, '格斯·范·桑特', NULL, NULL, NULL);
INSERT INTO Direct VALUES (   1292656 ,  68 );
INSERT INTO Actor VALUES ('马特·达蒙', NULL, NULL, NULL, 185);
INSERT INTO Play VALUES (   1292656 ,  185 );
INSERT INTO Actor VALUES ('罗宾·威廉姆斯', NULL, NULL, NULL, 186);
INSERT INTO Play VALUES (   1292656 ,  186 );
INSERT INTO Actor VALUES ('本·阿弗莱克', NULL, NULL, NULL, 187);
INSERT INTO Play VALUES (   1292656 ,  187 );
INSERT INTO Belong VALUES (  1292656,'剧情');
INSERT INTO Movie VALUES (   1292659 , '变脸' , 'Face/Off' , '1997' , NULL , 8.4 , 'https://movie.douban.com/subject/1292659/' , 'https://img3.doubanio.com/view/movie_poster_cover/spst/public/p2173855883.jpg'    
 , 1 );
INSERT INTO Director VALUES (69, '吴宇森', NULL, NULL, NULL);
INSERT INTO Direct VALUES (   1292659 ,  69 );
INSERT INTO Actor VALUES ('约翰·特拉沃尔塔', NULL, NULL, NULL, 188);
INSERT INTO Play VALUES (   1292659 ,  188 );
INSERT INTO Actor VALUES ('尼古拉斯·凯奇', NULL, NULL, NULL, 189);
INSERT INTO Play VALUES (   1292659 ,  189 );
INSERT INTO Actor VALUES ('琼·艾伦', NULL, NULL, NULL, 190);
INSERT INTO Play VALUES (   1292659 ,  190 );
INSERT INTO Belong VALUES (  1292659,'动作');
INSERT INTO Belong VALUES (  1292659,'科幻');
INSERT INTO Belong VALUES (  1292659,'犯罪');
INSERT INTO Movie VALUES (   1292679 , '春光乍泄' , '春光乍洩' , '1997' , NULL , 8.8 , 'https://movie.douban.com/subject/1292679/' , 'https://img3.doubanio.com/view/movie_poster_cover/spst/public/p465939041.jpg'    
 , 1 );
INSERT INTO Director VALUES (70, '王家卫', NULL, NULL, NULL);
INSERT INTO Direct VALUES (   1292679 ,  70 );
INSERT INTO Actor VALUES ('张国荣', NULL, NULL, NULL, 191);
INSERT INTO Play VALUES (   1292679 ,  191 );
INSERT INTO Actor VALUES ('梁朝伟', NULL, NULL, NULL, 192);
INSERT INTO Play VALUES (   1292679 ,  192 );
INSERT INTO Actor VALUES ('张震', NULL, NULL, NULL, 193);
INSERT INTO Play VALUES (   1292679 ,  193 );
INSERT INTO Belong VALUES (  1292679,'剧情');
INSERT INTO Belong VALUES (  1292679,'爱情');
INSERT INTO Belong VALUES (  1292679,'同性');
INSERT INTO Movie VALUES (   1292720 , '阿甘正传' , 'Forrest Gump' , '1994' , NULL , 9.4 , 'https://movie.douban.com/subject/1292720/' , 'https://img1.doubanio.com/view/movie_poster_cover/spst/public/p510876377.jpg'    
 , 1 );
INSERT INTO Director VALUES (71, '罗伯特·泽米吉斯', NULL, NULL, NULL);
INSERT INTO Direct VALUES (   1292720 ,  71 );
INSERT INTO Actor VALUES ('汤姆·汉克斯', NULL, NULL, NULL, 194);
INSERT INTO Play VALUES (   1292720 ,  194 );
INSERT INTO Actor VALUES ('罗宾·怀特', NULL, NULL, NULL, 195);
INSERT INTO Play VALUES (   1292720 ,  195 );
INSERT INTO Actor VALUES ('加里·西尼斯', NULL, NULL, NULL, 196);
INSERT INTO Play VALUES (   1292720 ,  196 );
INSERT INTO Belong VALUES (  1292720,'剧情');
INSERT INTO Belong VALUES (  1292720,'爱情');
INSERT INTO Movie VALUES (   1292722 , '泰坦尼克号' , 'Titanic' , '1997' , NULL , 9.2 , 'https://movie.douban.com/subject/1292722/' , 'https://img3.doubanio.com/view/movie_poster_cover/spst/public/p457760035.jpg'    
 , 1 );
INSERT INTO Director VALUES (72, '詹姆斯·卡梅隆', NULL, NULL, NULL);
INSERT INTO Direct VALUES (   1292722 ,  72 );
INSERT INTO Actor VALUES ('莱昂纳多·迪卡普里奥', NULL, NULL, NULL, 197);
INSERT INTO Play VALUES (   1292722 ,  197 );
INSERT INTO Actor VALUES ('凯特·温丝莱特', NULL, NULL, NULL, 198);
INSERT INTO Play VALUES (   1292722 ,  198 );
INSERT INTO Actor VALUES ('比利·赞恩', NULL, NULL, NULL, 199);
INSERT INTO Play VALUES (   1292722 ,  199 );
INSERT INTO Belong VALUES (  1292722,'剧情');
INSERT INTO Belong VALUES (  1292722,'爱情');
INSERT INTO Category VALUES ('灾难' , NULL);
INSERT INTO Belong VALUES (  1292722,'灾难');
INSERT INTO Movie VALUES (   1292728 , '勇闯夺命岛' , 'The Rock' , '1996' , NULL , 8.5 , 'https://movie.douban.com/subject/1292728/' , 'https://img3.doubanio.com/view/movie_poster_cover/spst/public/p636048104.jpg'    
 , 1 );
INSERT INTO Director VALUES (73, '迈克尔·贝', NULL, NULL, NULL);
INSERT INTO Direct VALUES (   1292728 ,  73 );
INSERT INTO Actor VALUES ('肖恩·康纳利', NULL, NULL, NULL, 200);
INSERT INTO Play VALUES (   1292728 ,  200 );
INSERT INTO Actor VALUES ('尼古拉斯·凯奇', NULL, NULL, NULL, 201);
INSERT INTO Play VALUES (   1292728 ,  201 );
INSERT INTO Actor VALUES ('艾德·哈里斯', NULL, NULL, NULL, 202);
INSERT INTO Play VALUES (   1292728 ,  202 );
INSERT INTO Belong VALUES (  1292728,'动作');
INSERT INTO Belong VALUES (  1292728,'冒险');
INSERT INTO Movie VALUES (   1292849 , '拯救大兵瑞恩' , 'Saving Private Ryan' , '1998' , NULL , 8.8 , 'https://movie.douban.com/subject/1292849/' , 'https://img3.doubanio.com/view/movie_poster_cover/spst/public/p1014542496.jpg'    
 , 1 );
INSERT INTO Director VALUES (74, '史蒂文·斯皮尔伯格', NULL, NULL, NULL);
INSERT INTO Direct VALUES (   1292849 ,  74 );
INSERT INTO Actor VALUES ('汤姆·汉克斯', NULL, NULL, NULL, 203);
INSERT INTO Play VALUES (   1292849 ,  203 );
INSERT INTO Actor VALUES ('汤姆·塞兹摩尔', NULL, NULL, NULL, 204);
INSERT INTO Play VALUES (   1292849 ,  204 );
INSERT INTO Actor VALUES ('爱德华·伯恩斯', NULL, NULL, NULL, 205);
INSERT INTO Play VALUES (   1292849 ,  205 );
INSERT INTO Belong VALUES (  1292849,'剧情');
INSERT INTO Belong VALUES (  1292849,'历史');
INSERT INTO Belong VALUES (  1292849,'战争');
INSERT INTO Movie VALUES (   1293172 , '末代皇帝' , 'The Last Emperor' , '1987' , NULL , 8.9 , 'https://movie.douban.com/subject/1293172/' , 'https://img3.doubanio.com/view/movie_poster_cover/spst/public/p452088641.jpg'    
 , 1 );
INSERT INTO Director VALUES (75, '贝纳尔多·贝托鲁奇', NULL, NULL, NULL);
INSERT INTO Direct VALUES (   1293172 ,  75 );
INSERT INTO Actor VALUES ('尊龙', NULL, NULL, NULL, 206);
INSERT INTO Play VALUES (   1293172 ,  206 );
INSERT INTO Actor VALUES ('陈冲', NULL, NULL, NULL, 207);
INSERT INTO Play VALUES (   1293172 ,  207 );
INSERT INTO Actor VALUES ('彼得·奥图尔', NULL, NULL, NULL, 208);
INSERT INTO Play VALUES (   1293172 ,  208 );
INSERT INTO Belong VALUES (  1293172,'剧情');
INSERT INTO Category VALUES ('传记' , NULL);
INSERT INTO Belong VALUES (  1293172,'传记');
INSERT INTO Belong VALUES (  1293172,'历史');
INSERT INTO Movie VALUES (   1293181 , '惊魂记' , 'Psycho' , '1960' , NULL , 8.8 , 'https://movie.douban.com/subject/1293181/' , 'https://img3.doubanio.com/view/movie_poster_cover/spst/public/p1021883305.jpg'    
 , 1 );
INSERT INTO Director VALUES (76, '阿尔弗雷德·希区柯克', NULL, NULL, NULL);
INSERT INTO Direct VALUES (   1293181 ,  76 );
INSERT INTO Actor VALUES ('珍妮特·利', NULL, NULL, NULL, 209);
INSERT INTO Play VALUES (   1293181 ,  209 );
INSERT INTO Actor VALUES ('安东尼·博金斯', NULL, NULL, NULL, 210);
INSERT INTO Play VALUES (   1293181 ,  210 );
INSERT INTO Actor VALUES ('维拉·迈尔斯', NULL, NULL, NULL, 211);
INSERT INTO Play VALUES (   1293181 ,  211 );
INSERT INTO Belong VALUES (  1293181,'悬疑');
INSERT INTO Category VALUES ('恐怖' , NULL);
INSERT INTO Belong VALUES (  1293181,'恐怖');
INSERT INTO Movie VALUES (   1293182 , '十二怒汉' , '12 Angry Men' , '1957' , NULL , 9.4 , 'https://movie.douban.com/subject/1293182/' , 'https://img3.doubanio.com/view/movie_poster_cover/spst/public/p2173577632.jpg'    
 , 1 );
INSERT INTO Director VALUES (77, '西德尼·吕美特', NULL, NULL, NULL);
INSERT INTO Direct VALUES (   1293182 ,  77 );
INSERT INTO Actor VALUES ('亨利·方达', NULL, NULL, NULL, 212);
INSERT INTO Play VALUES (   1293182 ,  212 );
INSERT INTO Actor VALUES ('马丁·鲍尔萨姆', NULL, NULL, NULL, 213);
INSERT INTO Play VALUES (   1293182 ,  213 );
INSERT INTO Actor VALUES ('约翰·菲德勒', NULL, NULL, NULL, 214);
INSERT INTO Play VALUES (   1293182 ,  214 );
INSERT INTO Belong VALUES (  1293182,'剧情');
INSERT INTO Movie VALUES (   1293318 , '萤火虫之墓' , '火垂るの墓' , '1988' , NULL , 8.7 , 'https://movie.douban.com/subject/1293318/' , 'https://img1.doubanio.com/view/photo/s_ratio_poster/public/p2237136718.webp'    
 , 1 );
INSERT INTO Director VALUES (78, '高畑勋', NULL, NULL, NULL);
INSERT INTO Direct VALUES (   1293318 ,  78 );
INSERT INTO Actor VALUES ('辰己努', NULL, NULL, NULL, 215);
INSERT INTO Play VALUES (   1293318 ,  215 );
INSERT INTO Actor VALUES ('白石绫乃', NULL, NULL, NULL, 216);
INSERT INTO Play VALUES (   1293318 ,  216 );
INSERT INTO Actor VALUES ('志乃原良子', NULL, NULL, NULL, 217);
INSERT INTO Play VALUES (   1293318 ,  217 );
INSERT INTO Belong VALUES (  1293318,'动画');
INSERT INTO Belong VALUES (  1293318,'剧情');
INSERT INTO Belong VALUES (  1293318,'战争');
INSERT INTO Movie VALUES (   1293350 , '两杆大烟枪' , 'Lock Stock and Two Smoking Barrels' , '1998' , NULL , 9.0 , 'https://movie.douban.com/subject/1293350/' , 'https://img1.doubanio.com/view/movie_poster_cover/spst/public/p792443418.jpg'    
 , 1 );
INSERT INTO Director VALUES (79, '盖·里奇', NULL, NULL, NULL);
INSERT INTO Direct VALUES (   1293350 ,  79 );
INSERT INTO Actor VALUES ('杰森·弗莱明', NULL, NULL, NULL, 218);
INSERT INTO Play VALUES (   1293350 ,  218 );
INSERT INTO Actor VALUES ('德克斯特·弗莱彻', NULL, NULL, NULL, 219);
INSERT INTO Play VALUES (   1293350 ,  219 );
INSERT INTO Actor VALUES ('尼克·莫兰', NULL, NULL, NULL, 220);
INSERT INTO Play VALUES (   1293350 ,  220 );
INSERT INTO Belong VALUES (  1293350,'剧情');
INSERT INTO Belong VALUES (  1293350,'喜剧');
INSERT INTO Belong VALUES (  1293350,'犯罪');
INSERT INTO Movie VALUES (   1293359 , '菊次郎的夏天' , '菊次郎の夏' , '1999' , NULL , 8.7 , 'https://movie.douban.com/subject/1293359/' , 'https://img3.doubanio.com/view/movie_poster_cover/spst/public/p751835224.jpg'    
 , 1 );
INSERT INTO Director VALUES (80, '北野武', NULL, NULL, NULL);
INSERT INTO Direct VALUES (   1293359 ,  80 );
INSERT INTO Actor VALUES ('北野武', NULL, NULL, NULL, 221);
INSERT INTO Play VALUES (   1293359 ,  221 );
INSERT INTO Actor VALUES ('关口雄介', NULL, NULL, NULL, 222);
INSERT INTO Play VALUES (   1293359 ,  222 );
INSERT INTO Actor VALUES ('岸本加世子', NULL, NULL, NULL, 223);
INSERT INTO Play VALUES (   1293359 ,  223 );
INSERT INTO Belong VALUES (  1293359,'剧情');
INSERT INTO Belong VALUES (  1293359,'喜剧');
INSERT INTO Movie VALUES (   1293460 , '雨中曲' , 'Singin/ in the Rain' , '1952' , NULL , 8.9 , 'https://movie.douban.com/subject/1293460/' , 'https://img3.doubanio.com/view/movie_poster_cover/spst/public/p1612355875.jpg'    
 , 1 );
INSERT INTO Director VALUES (81, '斯坦利·多南', NULL, NULL, NULL);
INSERT INTO Direct VALUES (   1293460 ,  81 );
INSERT INTO Director VALUES (82, '吉恩·凯利', NULL, NULL, NULL);
INSERT INTO Direct VALUES (   1293460 ,  82 );
INSERT INTO Actor VALUES ('吉恩·凯利', NULL, NULL, NULL, 224);
INSERT INTO Play VALUES (   1293460 ,  224 );
INSERT INTO Actor VALUES ('唐纳德·奥康纳', NULL, NULL, NULL, 225);
INSERT INTO Play VALUES (   1293460 ,  225 );
INSERT INTO Actor VALUES ('黛比·雷诺斯', NULL, NULL, NULL, 226);
INSERT INTO Play VALUES (   1293460 ,  226 );
INSERT INTO Belong VALUES (  1293460,'喜剧');
INSERT INTO Category VALUES ('歌舞' , NULL);
INSERT INTO Belong VALUES (  1293460,'歌舞');
INSERT INTO Belong VALUES (  1293460,'爱情');
INSERT INTO Movie VALUES (   1293544 , '沉默的羔羊' , 'The Silence of the Lambs' , '1991' , NULL , 8.7 , 'https://movie.douban.com/subject/1293544/' , 'https://img1.doubanio.com/view/movie_poster_cover/spst/public/p1593414327.jpg'    
 , 1 );
INSERT INTO Director VALUES (83, '乔纳森·戴米', NULL, NULL, NULL);
INSERT INTO Direct VALUES (   1293544 ,  83 );
INSERT INTO Actor VALUES ('朱迪·福斯特', NULL, NULL, NULL, 227);
INSERT INTO Play VALUES (   1293544 ,  227 );
INSERT INTO Actor VALUES ('安东尼·霍普金斯', NULL, NULL, NULL, 228);
INSERT INTO Play VALUES (   1293544 ,  228 );
INSERT INTO Actor VALUES ('斯科特·格伦', NULL, NULL, NULL, 229);
INSERT INTO Play VALUES (   1293544 ,  229 );
INSERT INTO Belong VALUES (  1293544,'剧情');
INSERT INTO Belong VALUES (  1293544,'犯罪');
INSERT INTO Belong VALUES (  1293544,'惊悚');
INSERT INTO Movie VALUES (   1293764 , '与狼共舞' , 'Dances with Wolves' , '1990' , NULL , 8.9 , 'https://movie.douban.com/subject/1293764/' , 'https://img1.doubanio.com/view/movie_poster_cover/spst/public/p499158228.jpg'    
 , 1 );
INSERT INTO Director VALUES (84, '凯文·科斯特纳', NULL, NULL, NULL);
INSERT INTO Direct VALUES (   1293764 ,  84 );
INSERT INTO Actor VALUES ('凯文·科斯特纳', NULL, NULL, NULL, 230);
INSERT INTO Play VALUES (   1293764 ,  230 );
INSERT INTO Actor VALUES ('玛丽·麦克唐纳', NULL, NULL, NULL, 231);
INSERT INTO Play VALUES (   1293764 ,  231 );
INSERT INTO Actor VALUES ('格雷厄姆·格林', NULL, NULL, NULL, 232);
INSERT INTO Play VALUES (   1293764 ,  232 );
INSERT INTO Belong VALUES (  1293764,'冒险');
INSERT INTO Belong VALUES (  1293764,'剧情');
INSERT INTO Category VALUES ('西部' , NULL);
INSERT INTO Belong VALUES (  1293764,'西部');
INSERT INTO Movie VALUES (   1293839 , '罗马假日' , 'Roman Holiday' , '1953' , NULL , 8.9 , 'https://movie.douban.com/subject/1293839/' , 'https://img3.doubanio.com/view/movie_poster_cover/spst/public/p2189265085.jpg'    
 , 1 );
INSERT INTO Director VALUES (85, '威廉·惠勒', NULL, NULL, NULL);
INSERT INTO Direct VALUES (   1293839 ,  85 );
INSERT INTO Actor VALUES ('奥黛丽·赫本', NULL, NULL, NULL, 233);
INSERT INTO Play VALUES (   1293839 ,  233 );
INSERT INTO Actor VALUES ('格利高里·派克', NULL, NULL, NULL, 234);
INSERT INTO Play VALUES (   1293839 ,  234 );
INSERT INTO Actor VALUES ('埃迪·艾伯特', NULL, NULL, NULL, 235);
INSERT INTO Play VALUES (   1293839 ,  235 );
INSERT INTO Belong VALUES (  1293839,'喜剧');
INSERT INTO Belong VALUES (  1293839,'剧情');
INSERT INTO Belong VALUES (  1293839,'爱情');
INSERT INTO Movie VALUES (   1293908 , '城市之光' , 'City Lights' , '1931' , NULL , 9.2 , 'https://movie.douban.com/subject/1293908/' , 'https://img3.doubanio.com/view/movie_poster_cover/spst/public/p2099815842.jpg'    
 , 1 );
INSERT INTO Director VALUES (86, '查理·卓别林', NULL, NULL, NULL);
INSERT INTO Direct VALUES (   1293908 ,  86 );
INSERT INTO Actor VALUES ('查理·卓别林', NULL, NULL, NULL, 236);
INSERT INTO Play VALUES (   1293908 ,  236 );
INSERT INTO Actor VALUES ('弗吉尼亚·切瑞尔', NULL, NULL, NULL, 237);
INSERT INTO Play VALUES (   1293908 ,  237 );
INSERT INTO Actor VALUES ('佛罗伦斯·李', NULL, NULL, NULL, 238);
INSERT INTO Play VALUES (   1293908 ,  238 );
INSERT INTO Belong VALUES (  1293908,'喜剧');
INSERT INTO Belong VALUES (  1293908,'剧情');
INSERT INTO Belong VALUES (  1293908,'爱情');
INSERT INTO Movie VALUES (   1293929 , '廊桥遗梦' , 'The Bridges of Madison County' , '1995' , NULL , 8.5 , 'https://movie.douban.com/subject/1293929/' , 'https://img1.doubanio.com/view/movie_poster_cover/spst/public/p2190558219.jpg'    
 , 1 );
INSERT INTO Director VALUES (87, '克林特·伊斯特伍德', NULL, NULL, NULL);
INSERT INTO Direct VALUES (   1293929 ,  87 );
INSERT INTO Actor VALUES ('克林特·伊斯特伍德', NULL, NULL, NULL, 239);
INSERT INTO Play VALUES (   1293929 ,  239 );
INSERT INTO Actor VALUES ('梅丽尔·斯特里普', NULL, NULL, NULL, 240);
INSERT INTO Play VALUES (   1293929 ,  240 );
INSERT INTO Actor VALUES ('安妮·科利', NULL, NULL, NULL, 241);
INSERT INTO Play VALUES (   1293929 ,  241 );
INSERT INTO Belong VALUES (  1293929,'剧情');
INSERT INTO Belong VALUES (  1293929,'爱情');
INSERT INTO Movie VALUES (   1293964 , '魂断蓝桥' , 'Waterloo Bridge' , '1940' , NULL , 8.8 , 'https://movie.douban.com/subject/1293964/' , 'https://img1.doubanio.com/view/movie_poster_cover/spst/public/p2351134499.jpg'    
 , 1 );
INSERT INTO Director VALUES (88, '茂文·勒鲁瓦', NULL, NULL, NULL);
INSERT INTO Direct VALUES (   1293964 ,  88 );
INSERT INTO Actor VALUES ('费雯·丽', NULL, NULL, NULL, 242);
INSERT INTO Play VALUES (   1293964 ,  242 );
INSERT INTO Actor VALUES ('罗伯特·泰勒', NULL, NULL, NULL, 243);
INSERT INTO Play VALUES (   1293964 ,  243 );
INSERT INTO Actor VALUES ('露塞尔·沃特森', NULL, NULL, NULL, 244);
INSERT INTO Play VALUES (   1293964 ,  244 );
INSERT INTO Belong VALUES (  1293964,'剧情');
INSERT INTO Belong VALUES (  1293964,'战争');
INSERT INTO Belong VALUES (  1293964,'爱情');
INSERT INTO Movie VALUES (   1294240 , '教父3' , 'The Godfather: Part III' , '1990' , NULL , 8.7 , 'https://movie.douban.com/subject/1294240/' , 'https://img3.doubanio.com/view/movie_poster_cover/spst/public/p2169664351.jpg'    
 , 1 );
INSERT INTO Director VALUES (89, '弗朗西斯·福特·科波拉', NULL, NULL, NULL);
INSERT INTO Direct VALUES (   1294240 ,  89 );
INSERT INTO Actor VALUES ('阿尔·帕西诺', NULL, NULL, NULL, 245);
INSERT INTO Play VALUES (   1294240 ,  245 );
INSERT INTO Actor VALUES ('黛安·基顿', NULL, NULL, NULL, 246);
INSERT INTO Play VALUES (   1294240 ,  246 );
INSERT INTO Actor VALUES ('塔莉娅·夏尔', NULL, NULL, NULL, 247);
INSERT INTO Play VALUES (   1294240 ,  247 );
INSERT INTO Belong VALUES (  1294240,'剧情');
INSERT INTO Belong VALUES (  1294240,'犯罪');
INSERT INTO Movie VALUES (   1294371 , '摩登时代' , 'Modern Times' , '1936' , NULL , 9.2 , 'https://movie.douban.com/subject/1294371/' , 'https://img3.doubanio.com/view/movie_poster_cover/spst/public/p2173707976.jpg'    
 , 1 );
INSERT INTO Director VALUES (90, '查理·卓别林', NULL, NULL, NULL);
INSERT INTO Direct VALUES (   1294371 ,  90 );
INSERT INTO Actor VALUES ('查理·卓别林', NULL, NULL, NULL, 248);
INSERT INTO Play VALUES (   1294371 ,  248 );
INSERT INTO Actor VALUES ('宝莲·高黛', NULL, NULL, NULL, 249);
INSERT INTO Play VALUES (   1294371 ,  249 );
INSERT INTO Actor VALUES ('亨利·伯格曼', NULL, NULL, NULL, 250);
INSERT INTO Play VALUES (   1294371 ,  250 );
INSERT INTO Belong VALUES (  1294371,'喜剧');
INSERT INTO Belong VALUES (  1294371,'剧情');
INSERT INTO Belong VALUES (  1294371,'爱情');
INSERT INTO Movie VALUES (   1294408 , '音乐之声' , 'The Sound of Music' , '1965' , NULL , 8.9 , 'https://movie.douban.com/subject/1294408/' , 'https://img1.doubanio.com/view/movie_poster_cover/spst/public/p453788577.jpg'    
 , 1 );
INSERT INTO Director VALUES (91, '罗伯特·怀斯', NULL, NULL, NULL);
INSERT INTO Direct VALUES (   1294408 ,  91 );
INSERT INTO Actor VALUES ('朱莉·安德鲁斯', NULL, NULL, NULL, 251);
INSERT INTO Play VALUES (   1294408 ,  251 );
INSERT INTO Actor VALUES ('克里斯托弗·普卢默', NULL, NULL, NULL, 252);
INSERT INTO Play VALUES (   1294408 ,  252 );
INSERT INTO Actor VALUES ('埃琳诺·帕克', NULL, NULL, NULL, 253);
INSERT INTO Play VALUES (   1294408 ,  253 );
INSERT INTO Belong VALUES (  1294408,'剧情');
INSERT INTO Belong VALUES (  1294408,'爱情');
INSERT INTO Belong VALUES (  1294408,'歌舞');
INSERT INTO Movie VALUES (   1294638 , 'E.T. 外星人' , 'E.T.: The Extra-Terrestrial' , '1982' , NULL , 8.5 , 'https://movie.douban.com/subject/1294638/' , 'https://img3.doubanio.com/view/movie_poster_cover/spst/public/p984732992.jpg'    
 , 1 );
INSERT INTO Director VALUES (92, '史蒂文·斯皮尔伯格', NULL, NULL, NULL);
INSERT INTO Direct VALUES (   1294638 ,  92 );
INSERT INTO Actor VALUES ('亨利·托马斯', NULL, NULL, NULL, 254);
INSERT INTO Play VALUES (   1294638 ,  254 );
INSERT INTO Actor VALUES ('迪·沃伦斯', NULL, NULL, NULL, 255);
INSERT INTO Play VALUES (   1294638 ,  255 );
INSERT INTO Actor VALUES ('罗伯特·麦克纳夫顿', NULL, NULL, NULL, 256);
INSERT INTO Play VALUES (   1294638 ,  256 );
INSERT INTO Belong VALUES (  1294638,'剧情');
INSERT INTO Belong VALUES (  1294638,'科幻');
INSERT INTO Movie VALUES (   1294639 , '勇敢的心' , 'Braveheart' , '1995' , NULL , 8.8 , 'https://movie.douban.com/subject/1294639/' , 'https://img3.doubanio.com/view/movie_poster_cover/spst/public/p1374546770.jpg'    
 , 1 );
INSERT INTO Director VALUES (93, '梅尔·吉布森', NULL, NULL, NULL);
INSERT INTO Direct VALUES (   1294639 ,  93 );
INSERT INTO Actor VALUES ('梅尔·吉布森', NULL, NULL, NULL, 257);
INSERT INTO Play VALUES (   1294639 ,  257 );
INSERT INTO Actor VALUES ('苏菲·玛索', NULL, NULL, NULL, 258);
INSERT INTO Play VALUES (   1294639 ,  258 );
INSERT INTO Actor VALUES ('布莱恩·考克斯', NULL, NULL, NULL, 259);
INSERT INTO Play VALUES (   1294639 ,  259 );
INSERT INTO Belong VALUES (  1294639,'动作');
INSERT INTO Belong VALUES (  1294639,'传记');
INSERT INTO Belong VALUES (  1294639,'剧情');
INSERT INTO Movie VALUES (   1295038 , '哈利·波特与魔法石' , 'Harry Potter and the Sorcerer/s Stone' , '2001' , NULL , 8.6 , 'https://movie.douban.com/subject/1295038/' , 'https://img3.doubanio.com/view/movie_poster_cover/spst/public/p804947166.jpg'    
 , 1 );
INSERT INTO Director VALUES (94, '克里斯·哥伦布', NULL, NULL, NULL);
INSERT INTO Direct VALUES (   1295038 ,  94 );
INSERT INTO Actor VALUES ('丹尼尔·雷德克里夫', NULL, NULL, NULL, 260);
INSERT INTO Play VALUES (   1295038 ,  260 );
INSERT INTO Actor VALUES ('艾玛·沃森', NULL, NULL, NULL, 261);
INSERT INTO Play VALUES (   1295038 ,  261 );
INSERT INTO Actor VALUES ('鲁伯特·格林特', NULL, NULL, NULL, 262);
INSERT INTO Play VALUES (   1295038 ,  262 );
INSERT INTO Belong VALUES (  1295038,'奇幻');
INSERT INTO Belong VALUES (  1295038,'冒险');
INSERT INTO Movie VALUES (   1295124 , '辛德勒的名单' , 'Schindler/s List' , '1993' , NULL , 9.4 , 'https://movie.douban.com/subject/1295124/' , 'https://img3.doubanio.com/view/movie_poster_cover/spst/public/p492406163.jpg'    
 , 1 );
INSERT INTO Director VALUES (95, '史蒂文·斯皮尔伯格', NULL, NULL, NULL);
INSERT INTO Direct VALUES (   1295124 ,  95 );
INSERT INTO Actor VALUES ('连姆·尼森', NULL, NULL, NULL, 263);
INSERT INTO Play VALUES (   1295124 ,  263 );
INSERT INTO Actor VALUES ('本·金斯利', NULL, NULL, NULL, 264);
INSERT INTO Play VALUES (   1295124 ,  264 );
INSERT INTO Actor VALUES ('拉尔夫·费因斯', NULL, NULL, NULL, 265);
INSERT INTO Play VALUES (   1295124 ,  265 );
INSERT INTO Belong VALUES (  1295124,'剧情');
INSERT INTO Belong VALUES (  1295124,'历史');
INSERT INTO Belong VALUES (  1295124,'战争');
INSERT INTO Movie VALUES (   1295399 , '七武士' , '七人の侍' , '1954' , NULL , 9.2 , 'https://movie.douban.com/subject/1295399/' , 'https://img3.doubanio.com/view/movie_poster_cover/spst/public/p647099823.jpg'    
 , 1 );
INSERT INTO Director VALUES (96, '黑泽明', NULL, NULL, NULL);
INSERT INTO Direct VALUES (   1295399 ,  96 );
INSERT INTO Actor VALUES ('三船敏郎', NULL, NULL, NULL, 266);
INSERT INTO Play VALUES (   1295399 ,  266 );
INSERT INTO Actor VALUES ('志村乔', NULL, NULL, NULL, 267);
INSERT INTO Play VALUES (   1295399 ,  267 );
INSERT INTO Actor VALUES ('稻叶义男', NULL, NULL, NULL, 268);
INSERT INTO Play VALUES (   1295399 ,  268 );
INSERT INTO Belong VALUES (  1295399,'动作');
INSERT INTO Belong VALUES (  1295399,'冒险');
INSERT INTO Belong VALUES (  1295399,'剧情');
INSERT INTO Movie VALUES (   1295409 , '纵横四海' , '緃横四海' , '1991' , NULL , 8.7 , 'https://movie.douban.com/subject/1295409/' ,'https://img3.doubanio.com/view/photo/raw/public/p2272146906.jpg'   
 , 1 );
INSERT INTO Director VALUES (97, '吴宇森', NULL, NULL, NULL);
INSERT INTO Direct VALUES (   1295409 ,  97 );
INSERT INTO Actor VALUES ('周润发', NULL, NULL, NULL, 269);
INSERT INTO Play VALUES (   1295409 ,  269 );
INSERT INTO Actor VALUES ('张国荣', NULL, NULL, NULL, 270);
INSERT INTO Play VALUES (   1295409 ,  270 );
INSERT INTO Actor VALUES ('钟楚红', NULL, NULL, NULL, 271);
INSERT INTO Play VALUES (   1295409 ,  271 );
INSERT INTO Belong VALUES (  1295409,'剧情');
INSERT INTO Belong VALUES (  1295409,'喜剧');
INSERT INTO Belong VALUES (  1295409,'动作');
INSERT INTO Movie VALUES (   1295644 , '这个杀手不太冷' , 'Léon' , '1994' , NULL , 9.4 , 'https://movie.douban.com/subject/1295644/' , 'https://img3.doubanio.com/view/movie_poster_cover/spst/public/p511118051.jpg'    
 , 1 );
INSERT INTO Director VALUES (98, '吕克·贝松', NULL, NULL, NULL);
INSERT INTO Direct VALUES (   1295644 ,  98 );
INSERT INTO Actor VALUES ('让·雷诺', NULL, NULL, NULL, 272);
INSERT INTO Play VALUES (   1295644 ,  272 );
INSERT INTO Actor VALUES ('娜塔莉·波特曼', NULL, NULL, NULL, 273);
INSERT INTO Play VALUES (   1295644 ,  273 );
INSERT INTO Actor VALUES ('加里·奥德曼', NULL, NULL, NULL, 274);
INSERT INTO Play VALUES (   1295644 ,  274 );
INSERT INTO Belong VALUES (  1295644,'剧情');
INSERT INTO Belong VALUES (  1295644,'动作');
INSERT INTO Belong VALUES (  1295644,'犯罪');
INSERT INTO Movie VALUES (   1295865 , '燃情岁月' , 'Legends of the Fall' , '1994' , NULL , 8.8 , 'https://movie.douban.com/subject/1295865/' , 'https://img1.doubanio.com/view/movie_poster_cover/spst/public/p1023654037.jpg'    
 , 1 );
INSERT INTO Director VALUES (99, '爱德华·兹威克', NULL, NULL, NULL);
INSERT INTO Direct VALUES (   1295865 ,  99 );
INSERT INTO Actor VALUES ('安东尼·霍普金斯', NULL, NULL, NULL, 275);
INSERT INTO Play VALUES (   1295865 ,  275 );
INSERT INTO Actor VALUES ('布拉德·皮特', NULL, NULL, NULL, 276);
INSERT INTO Play VALUES (   1295865 ,  276 );
INSERT INTO Actor VALUES ('朱莉娅·奥蒙德', NULL, NULL, NULL, 277);
INSERT INTO Play VALUES (   1295865 ,  277 );
INSERT INTO Belong VALUES (  1295865,'剧情');
INSERT INTO Belong VALUES (  1295865,'爱情');
INSERT INTO Belong VALUES (  1295865,'西部');
INSERT INTO Movie VALUES (   1296141 , '控方证人' , 'Witness for the Prosecution' , '1957' , NULL , 9.6 , 'https://movie.douban.com/subject/1296141/' , 'https://img1.doubanio.com/view/movie_poster_cover/spst/public/p1505392928.jpg'    
 , 1 );
INSERT INTO Director VALUES (100, '比利·怀德', NULL, NULL, NULL);
INSERT INTO Direct VALUES (   1296141 ,  100 );
INSERT INTO Actor VALUES ('泰隆·鲍华', NULL, NULL, NULL, 278);
INSERT INTO Play VALUES (   1296141 ,  278 );
INSERT INTO Actor VALUES ('玛琳·黛德丽', NULL, NULL, NULL, 279);
INSERT INTO Play VALUES (   1296141 ,  279 );
INSERT INTO Actor VALUES ('查尔斯·劳顿', NULL, NULL, NULL, 280);
INSERT INTO Play VALUES (   1296141 ,  280 );
INSERT INTO Belong VALUES (  1296141,'剧情');
INSERT INTO Belong VALUES (  1296141,'犯罪');
INSERT INTO Belong VALUES (  1296141,'悬疑');
INSERT INTO Movie VALUES (   1296339 , '爱在黎明破晓前' , 'Before Sunrise' , '1995' , NULL , 8.7 , 'https://movie.douban.com/subject/1296339/' , 'https://img3.doubanio.com/view/photo/s_ratio_poster/public/p452582315.webp'   
 , 1 );
INSERT INTO Director VALUES (101, '理查德·林克莱特', NULL, NULL, NULL);
INSERT INTO Direct VALUES (   1296339 ,  101 );
INSERT INTO Actor VALUES ('伊桑·霍克', NULL, NULL, NULL, 281);
INSERT INTO Play VALUES (   1296339 ,  281 );
INSERT INTO Actor VALUES ('朱莉·德尔佩', NULL, NULL, NULL, 282);
INSERT INTO Play VALUES (   1296339 ,  282 );
INSERT INTO Actor VALUES ('安德莉亚·埃克特', NULL, NULL, NULL, 283);
INSERT INTO Play VALUES (   1296339 ,  283 );
INSERT INTO Belong VALUES (  1296339,'剧情');
INSERT INTO Belong VALUES (  1296339,'爱情');
INSERT INTO Movie VALUES (   1296736 , '钢琴家' , 'The Pianist' , '2002' , NULL , 9.0 , 'https://movie.douban.com/subject/1296736/' , 'https://img3.doubanio.com/view/movie_poster_cover/spst/public/p792484461.jpg'    
 , 1 );
INSERT INTO Director VALUES (102, '罗曼·波兰斯基', NULL, NULL, NULL);
INSERT INTO Direct VALUES (   1296736 ,  102 );
INSERT INTO Actor VALUES ('艾德里安·布洛迪', NULL, NULL, NULL, 284);
INSERT INTO Play VALUES (   1296736 ,  284 );
INSERT INTO Actor VALUES ('托马斯·克莱舒曼', NULL, NULL, NULL, 285);
INSERT INTO Play VALUES (   1296736 ,  285 );
INSERT INTO Actor VALUES ('艾米莉娅·福克斯', NULL, NULL, NULL, 286);
INSERT INTO Play VALUES (   1296736 ,  286 );
INSERT INTO Belong VALUES (  1296736,'剧情');
INSERT INTO Belong VALUES (  1296736,'传记');
INSERT INTO Belong VALUES (  1296736,'历史');
INSERT INTO Movie VALUES (   1296753 , '卡萨布兰卡' , 'Casablanca' , '1942' , NULL , 8.6 , 'https://movie.douban.com/subject/1296753/' , 'https://img3.doubanio.com/view/movie_poster_cover/spst/public/p1244791866.jpg'    
 , 1 );
INSERT INTO Director VALUES (103, '迈克尔·柯蒂斯', NULL, NULL, NULL);
INSERT INTO Direct VALUES (   1296753 ,  103 );
INSERT INTO Actor VALUES ('亨弗莱·鲍嘉', NULL, NULL, NULL, 287);
INSERT INTO Play VALUES (   1296753 ,  287 );
INSERT INTO Actor VALUES ('英格丽·褒曼', NULL, NULL, NULL, 288);
INSERT INTO Play VALUES (   1296753 ,  288 );
INSERT INTO Actor VALUES ('保罗·亨雷德', NULL, NULL, NULL, 289);
INSERT INTO Play VALUES (   1296753 ,  289 );
INSERT INTO Belong VALUES (  1296753,'剧情');
INSERT INTO Belong VALUES (  1296753,'爱情');
INSERT INTO Belong VALUES (  1296753,'战争');
INSERT INTO Movie VALUES (   1296909 , '虎口脱险' , 'La grande vadrouille' , '1966' , NULL , 8.9 , 'https://movie.douban.com/subject/1296909/' , 'https://img3.doubanio.com/view/movie_poster_cover/spst/public/p2399597512.jpg'    
 , 1 );
INSERT INTO Director VALUES (104, '热拉尔·乌里', NULL, NULL, NULL);
INSERT INTO Direct VALUES (   1296909 ,  104 );
INSERT INTO Actor VALUES ('路易·德·菲耐斯', NULL, NULL, NULL, 290);
INSERT INTO Play VALUES (   1296909 ,  290 );
INSERT INTO Actor VALUES ('布尔维尔', NULL, NULL, NULL, 291);
INSERT INTO Play VALUES (   1296909 ,  291 );
INSERT INTO Actor VALUES ('克劳迪奥·布鲁克', NULL, NULL, NULL, 292);
INSERT INTO Play VALUES (   1296909 ,  292 );
INSERT INTO Belong VALUES (  1296909,'喜剧');
INSERT INTO Belong VALUES (  1296909,'战争');
INSERT INTO Movie VALUES (   1297052 , '侧耳倾听' , '耳をすませば' , '1995' , NULL , 8.8 , 'https://movie.douban.com/subject/1297052/' , 'https://img3.doubanio.com/view/movie_poster_cover/spst/public/p456692072.jpg'    
 , 1 );
INSERT INTO Director VALUES (105, '近藤喜文', NULL, NULL, NULL);
INSERT INTO Direct VALUES (   1297052 ,  105 );
INSERT INTO Actor VALUES ('本名阳子', NULL, NULL, NULL, 293);
INSERT INTO Play VALUES (   1297052 ,  293 );
INSERT INTO Actor VALUES ('小林桂树', NULL, NULL, NULL, 294);
INSERT INTO Play VALUES (   1297052 ,  294 );
INSERT INTO Actor VALUES ('高山南', NULL, NULL, NULL, 295);
INSERT INTO Play VALUES (   1297052 ,  295 );
INSERT INTO Belong VALUES (  1297052,'剧情');
INSERT INTO Belong VALUES (  1297052,'爱情');
INSERT INTO Belong VALUES (  1297052,'动画');
INSERT INTO Movie VALUES (   1297192 , '致命ID' , 'Identity' , '2003' , NULL , 8.6 , 'https://movie.douban.com/subject/1297192/' , 'https://img3.doubanio.com/view/movie_poster_cover/spst/public/p453720880.jpg'    
 , 1 );
INSERT INTO Director VALUES (106, '詹姆斯·曼高德', NULL, NULL, NULL);
INSERT INTO Direct VALUES (   1297192 ,  106 );
INSERT INTO Actor VALUES ('约翰·库萨克', NULL, NULL, NULL, 296);
INSERT INTO Play VALUES (   1297192 ,  296 );
INSERT INTO Actor VALUES ('雷·利奥塔', NULL, NULL, NULL, 297);
INSERT INTO Play VALUES (   1297192 ,  297 );
INSERT INTO Actor VALUES ('阿曼达·皮特', NULL, NULL, NULL, 298);
INSERT INTO Play VALUES (   1297192 ,  298 );
INSERT INTO Belong VALUES (  1297192,'剧情');
INSERT INTO Belong VALUES (  1297192,'悬疑');
INSERT INTO Belong VALUES (  1297192,'惊悚');
INSERT INTO Movie VALUES (   1297359 , '幽灵公主' , 'もののけ姫' , '1997' , NULL , 8.8 , 'https://movie.douban.com/subject/1297359/' , 'https://img3.doubanio.com/view/movie_poster_cover/spst/public/p1613191025.jpg'    
 , 1 );
INSERT INTO Director VALUES (107, '宫崎骏', NULL, NULL, NULL);
INSERT INTO Direct VALUES (   1297359 ,  107 );
INSERT INTO Actor VALUES ('松田洋治', NULL, NULL, NULL, 299);
INSERT INTO Play VALUES (   1297359 ,  299 );
INSERT INTO Actor VALUES ('石田百合子', NULL, NULL, NULL, 300);
INSERT INTO Play VALUES (   1297359 ,  300 );
INSERT INTO Actor VALUES ('田中裕子', NULL, NULL, NULL, 301);
INSERT INTO Play VALUES (   1297359 ,  301 );
INSERT INTO Belong VALUES (  1297359,'动作');
INSERT INTO Belong VALUES (  1297359,'爱情');
INSERT INTO Belong VALUES (  1297359,'战争');
INSERT INTO Movie VALUES (   1297447 , '倩女幽魂' , '倩女幽魂' , '1987' , NULL , 8.6 , 'https://movie.douban.com/subject/1297447/' , 'https://img3.doubanio.com/view/movie_poster_cover/spst/public/p2414157745.jpg'    
 , 1 );
INSERT INTO Director VALUES (108, '程小东', NULL, NULL, NULL);
INSERT INTO Direct VALUES (   1297447 ,  108 );
INSERT INTO Actor VALUES ('张国荣', NULL, NULL, NULL, 302);
INSERT INTO Play VALUES (   1297447 ,  302 );
INSERT INTO Actor VALUES ('王祖贤', NULL, NULL, NULL, 303);
INSERT INTO Play VALUES (   1297447 ,  303 );
INSERT INTO Actor VALUES ('午马', NULL, NULL, NULL, 304);
INSERT INTO Play VALUES (   1297447 ,  304 );
INSERT INTO Belong VALUES (  1297447,'剧情');
INSERT INTO Belong VALUES (  1297447,'爱情');
INSERT INTO Belong VALUES (  1297447,'武侠');
INSERT INTO Movie VALUES (   1297478 , '上帝也疯狂' , 'The Gods Must Be Crazy' , '1980' , NULL , 8.6 , 'https://movie.douban.com/subject/1297478/' , 'https://img1.doubanio.com/view/movie_poster_cover/spst/public/p2173719647.jpg'    
 , 1 );
INSERT INTO Director VALUES (109, '加美·尤伊斯', NULL, NULL, NULL);
INSERT INTO Direct VALUES (   1297478 ,  109 );
INSERT INTO Actor VALUES ('Marius Weyers', NULL, NULL, NULL, 305);
INSERT INTO Play VALUES (   1297478 ,  305 );
INSERT INTO Actor VALUES ('Sandra Prinsloo', NULL, NULL, NULL, 306);
INSERT INTO Play VALUES (   1297478 ,  306 );
INSERT INTO Actor VALUES ('历苏', NULL, NULL, NULL, 307);
INSERT INTO Play VALUES (   1297478 ,  307 );
INSERT INTO Belong VALUES (  1297478,'喜剧');
INSERT INTO Movie VALUES (   1297574 , '英雄本色' , '英雄本色' , '1986' , NULL , 8.7 , 'https://movie.douban.com/subject/1297574/' , 'https://img1.doubanio.com/view/photo/s_ratio_poster/public/p2504997087.webp'    
 , 1 );
INSERT INTO Director VALUES (110, '吴宇森', NULL, NULL, NULL);
INSERT INTO Direct VALUES (   1297574 ,  110 );
INSERT INTO Actor VALUES ('周润发', NULL, NULL, NULL, 308);
INSERT INTO Play VALUES (   1297574 ,  308 );
INSERT INTO Actor VALUES ('狄龙', NULL, NULL, NULL, 309);
INSERT INTO Play VALUES (   1297574 ,  309 );
INSERT INTO Actor VALUES ('张国荣', NULL, NULL, NULL, 310);
INSERT INTO Play VALUES (   1297574 ,  310 );
INSERT INTO Belong VALUES (  1297574,'动作');
INSERT INTO Belong VALUES (  1297574,'犯罪');
INSERT INTO Movie VALUES (   1297630 , '第六感' , 'The Sixth Sense' , '1999' , NULL , 8.8 , 'https://movie.douban.com/subject/1297630/' , 'https://img3.doubanio.com/view/movie_poster_cover/spst/public/p2220184425.jpg'    
 , 1 );
INSERT INTO Director VALUES (111, 'M·奈特·沙马兰', NULL, NULL, NULL);
INSERT INTO Direct VALUES (   1297630 ,  111 );
INSERT INTO Actor VALUES ('布鲁斯·威利斯', NULL, NULL, NULL, 311);
INSERT INTO Play VALUES (   1297630 ,  311 );
INSERT INTO Actor VALUES ('海利·乔·奥斯蒙', NULL, NULL, NULL, 312);
INSERT INTO Play VALUES (   1297630 ,  312 );
INSERT INTO Actor VALUES ('托妮·科莱特', NULL, NULL, NULL, 313);
INSERT INTO Play VALUES (   1297630 ,  313 );
INSERT INTO Belong VALUES (  1297630,'剧情');
INSERT INTO Belong VALUES (  1297630,'悬疑');
INSERT INTO Belong VALUES (  1297630,'恐怖');
INSERT INTO Movie VALUES (   1298070 , '加勒比海盗' , 'Pirates of the Caribbean: The Curse of the Black Pearl' , '2003' , NULL , 8.6 , 'https://movie.douban.com/subject/1298070/' , 'https://img3.doubanio.com/view/movie_poster_cover/spst/public/p1596085504.jpg'    
 , 1 );
INSERT INTO Director VALUES (112, '戈尔·维宾斯基', NULL, NULL, NULL);
INSERT INTO Direct VALUES (   1298070 ,  112 );
INSERT INTO Actor VALUES ('约翰尼·德普', NULL, NULL, NULL, 314);
INSERT INTO Play VALUES (   1298070 ,  314 );
INSERT INTO Actor VALUES ('杰弗里·拉什', NULL, NULL, NULL, 315);
INSERT INTO Play VALUES (   1298070 ,  315 );
INSERT INTO Actor VALUES ('奥兰多·布鲁姆', NULL, NULL, NULL, 316);
INSERT INTO Play VALUES (   1298070 ,  316 );
INSERT INTO Belong VALUES (  1298070,'动作');
INSERT INTO Belong VALUES (  1298070,'冒险');
INSERT INTO Belong VALUES (  1298070,'奇幻');
INSERT INTO Movie VALUES (   1298624 , '闻香识女人' , 'Scent of a Woman' , '1992' , NULL , 8.9 , 'https://movie.douban.com/subject/1298624/' , 'https://img1.doubanio.com/view/movie_poster_cover/spst/public/p925123037.jpg'    
 , 1 );
INSERT INTO Director VALUES (113, '马丁·布莱斯', NULL, NULL, NULL);
INSERT INTO Direct VALUES (   1298624 ,  113 );
INSERT INTO Actor VALUES ('阿尔·帕西诺', NULL, NULL, NULL, 317);
INSERT INTO Play VALUES (   1298624 ,  317 );
INSERT INTO Actor VALUES ('克里斯·奥唐纳', NULL, NULL, NULL, 318);
INSERT INTO Play VALUES (   1298624 ,  318 );
INSERT INTO Actor VALUES ('詹姆斯·瑞布霍恩', NULL, NULL, NULL, 319);
INSERT INTO Play VALUES (   1298624 ,  319 );
INSERT INTO Belong VALUES (  1298624,'剧情');
INSERT INTO Movie VALUES (   1298653 , '荒岛余生' , 'Cast Away' , '2000' , NULL , 8.4 , 'https://movie.douban.com/subject/1298653/' , 'https://img1.doubanio.com/view/photo/s_ratio_poster/public/p2207673537.webp'    
 , 1 );
INSERT INTO Director VALUES (114, '罗伯特·泽米吉斯', NULL, NULL, NULL);
INSERT INTO Direct VALUES (   1298653 ,  114 );
INSERT INTO Actor VALUES ('汤姆·汉克斯', NULL, NULL, NULL, 320);
INSERT INTO Play VALUES (   1298653 ,  320 );
INSERT INTO Actor VALUES ('海伦·亨特', NULL, NULL, NULL, 321);
INSERT INTO Play VALUES (   1298653 ,  321 );
INSERT INTO Actor VALUES ('克里斯·诺斯', NULL, NULL, NULL, 322);
INSERT INTO Play VALUES (   1298653 ,  322 );
INSERT INTO Belong VALUES (  1298653,'冒险');
INSERT INTO Belong VALUES (  1298653,'剧情');
INSERT INTO Movie VALUES (   1299131 , '教父2' , 'The Godfather: Part Ⅱ' , '1974' , NULL , 9.1 , 'https://movie.douban.com/subject/1299131/' , 'https://img1.doubanio.com/view/photo/s_ratio_poster/public/p2194138787.webp'    
 , 1 );
INSERT INTO Director VALUES (115, '弗朗西斯·福特·科波拉', NULL, NULL, NULL);
INSERT INTO Direct VALUES (   1299131 ,  115 );
INSERT INTO Actor VALUES ('阿尔·帕西诺', NULL, NULL, NULL, 323);
INSERT INTO Play VALUES (   1299131 ,  323 );
INSERT INTO Actor VALUES ('罗伯特·杜瓦尔', NULL, NULL, NULL, 324);
INSERT INTO Play VALUES (   1299131 ,  324 );
INSERT INTO Actor VALUES ('黛安·基顿', NULL, NULL, NULL, 325);
INSERT INTO Play VALUES (   1299131 ,  325 );
INSERT INTO Belong VALUES (  1299131,'剧情');
INSERT INTO Belong VALUES (  1299131,'犯罪');
INSERT INTO Movie VALUES (   1299327 , '夜访吸血鬼' , 'Interview with the Vampire: The Vampire Chronicles' , '1994' , NULL , 8.3 , 'https://movie.douban.com/subject/1299327/' , 'https://img3.doubanio.com/view/movie_poster_cover/spst/public/p1353910572.jpg'    
 , 1 );
INSERT INTO Director VALUES (116, '尼尔·乔丹', NULL, NULL, NULL);
INSERT INTO Direct VALUES (   1299327 ,  116 );
INSERT INTO Actor VALUES ('布拉德·皮特', NULL, NULL, NULL, 326);
INSERT INTO Play VALUES (   1299327 ,  326 );
INSERT INTO Actor VALUES ('汤姆·克鲁斯', NULL, NULL, NULL, 327);
INSERT INTO Play VALUES (   1299327 ,  327 );
INSERT INTO Actor VALUES ('克斯汀·邓斯特', NULL, NULL, NULL, 328);
INSERT INTO Play VALUES (   1299327 ,  328 );
INSERT INTO Belong VALUES (  1299327,'剧情');
INSERT INTO Belong VALUES (  1299327,'奇幻');
INSERT INTO Belong VALUES (  1299327,'惊悚');
INSERT INTO Movie VALUES (   1299361 , '爱·回家' , '???...' , '2002' , NULL , 9.0 , 'https://movie.douban.com/subject/1299361/' , 'https://img3.doubanio.com/view/movie_poster_cover/spst/public/p2107418134.jpg'    
 , 1 );
INSERT INTO Director VALUES (117, '李廷香', NULL, NULL, NULL);
INSERT INTO Direct VALUES (   1299361 ,  117 );
INSERT INTO Actor VALUES ('金艺芬', NULL, NULL, NULL, 329);
INSERT INTO Play VALUES (   1299361 ,  329 );
INSERT INTO Actor VALUES ('俞承豪', NULL, NULL, NULL, 330);
INSERT INTO Play VALUES (   1299361 ,  330 );
INSERT INTO Actor VALUES ('童孝熙', NULL, NULL, NULL, 331);
INSERT INTO Play VALUES (   1299361 ,  331 );
INSERT INTO Belong VALUES (  1299361,'剧情');
INSERT INTO Belong VALUES (  1299361,'儿童');
INSERT INTO Belong VALUES (  1299361,'家庭');
INSERT INTO Movie VALUES (   1299398 , '大话西游之月光宝盒' , '西遊記第壹佰零壹回之月光寶盒' , '1995' , NULL , 8.9 , 'https://movie.douban.com/subject/1299398/' , 'https://img3.doubanio.com/view/movie_poster_cover/spst/public/p1280323646.jpg'    
 , 1 );
INSERT INTO Director VALUES (118, '刘镇伟', NULL, NULL, NULL);
INSERT INTO Direct VALUES (   1299398 ,  118 );
INSERT INTO Actor VALUES ('周星驰', NULL, NULL, NULL, 332);
INSERT INTO Play VALUES (   1299398 ,  332 );
INSERT INTO Actor VALUES ('吴孟达', NULL, NULL, NULL, 333);
INSERT INTO Play VALUES (   1299398 ,  333 );
INSERT INTO Actor VALUES ('罗家英', NULL, NULL, NULL, 334);
INSERT INTO Play VALUES (   1299398 ,  334 );
INSERT INTO Belong VALUES (  1299398,'喜剧');
INSERT INTO Belong VALUES (  1299398,'动作');
INSERT INTO Belong VALUES (  1299398,'爱情');
INSERT INTO Movie VALUES (   1300117 , '千钧一发' , 'Gattaca' , '1997' , NULL , 8.7 , 'https://movie.douban.com/subject/1300117/' , 'https://img3.doubanio.com/view/movie_poster_cover/spst/public/p2195672555.jpg'    
 , 1 );
INSERT INTO Director VALUES (119, '安德鲁·尼科尔', NULL, NULL, NULL);
INSERT INTO Direct VALUES (   1300117 ,  119 );
INSERT INTO Actor VALUES ('伊桑·霍克', NULL, NULL, NULL, 335);
INSERT INTO Play VALUES (   1300117 ,  335 );
INSERT INTO Actor VALUES ('乌玛·瑟曼', NULL, NULL, NULL, 336);
INSERT INTO Play VALUES (   1300117 ,  336 );
INSERT INTO Actor VALUES ('裘德·洛', NULL, NULL, NULL, 337);
INSERT INTO Play VALUES (   1300117 ,  337 );
INSERT INTO Belong VALUES (  1300117,'剧情');
INSERT INTO Belong VALUES (  1300117,'科幻');
INSERT INTO Movie VALUES (   1300267 , '乱世佳人' , 'Gone with the Wind' , '1939' , NULL , 9.2 , 'https://movie.douban.com/subject/1300267/' , 'https://img3.doubanio.com/view/movie_poster_cover/spst/public/p1963126880.jpg'    
 , 1 );
INSERT INTO Director VALUES (120, '维克多·弗莱明', NULL, NULL, NULL);
INSERT INTO Direct VALUES (   1300267 ,  120 );
INSERT INTO Director VALUES (121, '乔治·库克', NULL, NULL, NULL);
INSERT INTO Direct VALUES (   1300267 ,  121 );
INSERT INTO Director VALUES (122, '山姆·伍德', NULL, NULL, NULL);
INSERT INTO Direct VALUES (   1300267 ,  122 );
INSERT INTO Actor VALUES ('克拉克·盖博', NULL, NULL, NULL, 338);
INSERT INTO Play VALUES (   1300267 ,  338 );
INSERT INTO Actor VALUES ('费雯·丽', NULL, NULL, NULL, 339);
INSERT INTO Play VALUES (   1300267 ,  339 );
INSERT INTO Actor VALUES ('莱斯利·霍华德', NULL, NULL, NULL, 340);
INSERT INTO Play VALUES (   1300267 ,  340 );
INSERT INTO Belong VALUES (  1300267,'剧情');
INSERT INTO Belong VALUES (  1300267,'爱情');
INSERT INTO Belong VALUES (  1300267,'战争');
INSERT INTO Movie VALUES (   1300299 , '杀人回忆' , '??? ??' , '2003' , NULL , 8.6 , 'https://movie.douban.com/subject/1300299/' , 'https://img1.doubanio.com/view/movie_poster_cover/spst/public/p480225538.jpg'    
 , 1 );
INSERT INTO Director VALUES (123, '奉俊昊', NULL, NULL, NULL);
INSERT INTO Direct VALUES (   1300299 ,  123 );
INSERT INTO Actor VALUES ('宋康昊', NULL, NULL, NULL, 341);
INSERT INTO Play VALUES (   1300299 ,  341 );
INSERT INTO Actor VALUES ('金相庆', NULL, NULL, NULL, 342);
INSERT INTO Play VALUES (   1300299 ,  342 );
INSERT INTO Actor VALUES ('金雷河', NULL, NULL, NULL, 343);
INSERT INTO Play VALUES (   1300299 ,  343 );
INSERT INTO Belong VALUES (  1300299,'犯罪');
INSERT INTO Belong VALUES (  1300299,'剧情');
INSERT INTO Belong VALUES (  1300299,'悬疑');
INSERT INTO Movie VALUES (   1300374 , '绿里奇迹' , 'The Green Mile' , '1999' , NULL , 8.7 , 'https://movie.douban.com/subject/1300374/' , 'https://img3.doubanio.com/view/movie_poster_cover/spst/public/p767586451.jpg'    
 , 1 );
INSERT INTO Director VALUES (124, '弗兰克·德拉邦特', NULL, NULL, NULL);
INSERT INTO Direct VALUES (   1300374 ,  124 );
INSERT INTO Actor VALUES ('汤姆·汉克斯', NULL, NULL, NULL, 344);
INSERT INTO Play VALUES (   1300374 ,  344 );
INSERT INTO Actor VALUES ('大卫·摩斯', NULL, NULL, NULL, 345);
INSERT INTO Play VALUES (   1300374 ,  345 );
INSERT INTO Actor VALUES ('迈克·克拉克·邓肯', NULL, NULL, NULL, 346);
INSERT INTO Play VALUES (   1300374 ,  346 );
INSERT INTO Belong VALUES (  1300374,'犯罪');
INSERT INTO Belong VALUES (  1300374,'剧情');
INSERT INTO Belong VALUES (  1300374,'奇幻');
INSERT INTO Movie VALUES (   1300741 , '枪火' , '鎗火' , '1999' , NULL , 8.6 , 'https://movie.douban.com/subject/1300741/' , 'https://img3.doubanio.com/view/movie_poster_cover/spst/public/p1538646661.jpg'    
 , 1 );
INSERT INTO Director VALUES (125, '杜琪峰', NULL, NULL, NULL);
INSERT INTO Direct VALUES (   1300741 ,  125 );
INSERT INTO Actor VALUES ('吴镇宇', NULL, NULL, NULL, 347);
INSERT INTO Play VALUES (   1300741 ,  347 );
INSERT INTO Actor VALUES ('任达华', NULL, NULL, NULL, 348);
INSERT INTO Play VALUES (   1300741 ,  348 );
INSERT INTO Actor VALUES ('黄秋生', NULL, NULL, NULL, 349);
INSERT INTO Play VALUES (   1300741 ,  349 );
INSERT INTO Belong VALUES (  1300741,'剧情');
INSERT INTO Belong VALUES (  1300741,'动作');
INSERT INTO Belong VALUES (  1300741,'犯罪');
INSERT INTO Movie VALUES (   1300960 , '碧海蓝天' , 'Le grand bleu' , '1988' , NULL , 8.7 , 'https://movie.douban.com/subject/1300960/' , 'https://img3.doubanio.com/view/photo/s_ratio_poster/public/p455722535.webp'    
 , 1 );
INSERT INTO Director VALUES (126, '吕克·贝松', NULL, NULL, NULL);
INSERT INTO Direct VALUES (   1300960 ,  126 );
INSERT INTO Actor VALUES ('让-马克·巴尔', NULL, NULL, NULL, 350);
INSERT INTO Play VALUES (   1300960 ,  350 );
INSERT INTO Actor VALUES ('让·雷诺', NULL, NULL, NULL, 351);
INSERT INTO Play VALUES (   1300960 ,  351 );
INSERT INTO Actor VALUES ('罗姗娜·阿奎特', NULL, NULL, NULL, 352);
INSERT INTO Play VALUES (   1300960 ,  352 );
INSERT INTO Belong VALUES (  1300960,'剧情');
INSERT INTO Belong VALUES (  1300960,'爱情');
INSERT INTO Movie VALUES (   1300992 , '完美的世界' , 'A Perfect World' , '1993' , NULL , 9.0 , 'https://movie.douban.com/subject/1300992/' , 'https://img3.doubanio.com/view/movie_poster_cover/spst/public/p792403691.jpg'    
 , 1 );
INSERT INTO Director VALUES (127, '克林特·伊斯特伍德', NULL, NULL, NULL);
INSERT INTO Direct VALUES (   1300992 ,  127 );
INSERT INTO Actor VALUES ('凯文·科斯特纳', NULL, NULL, NULL, 353);
INSERT INTO Play VALUES (   1300992 ,  353 );
INSERT INTO Actor VALUES ('劳拉·邓恩', NULL, NULL, NULL, 354);
INSERT INTO Play VALUES (   1300992 ,  354 );
INSERT INTO Actor VALUES ('克林特·伊斯特伍德', NULL, NULL, NULL, 355);
INSERT INTO Play VALUES (   1300992 ,  355 );
INSERT INTO Belong VALUES (  1300992,'剧情');
INSERT INTO Belong VALUES (  1300992,'犯罪');
INSERT INTO Movie VALUES (   1301171 , '偷拐抢骗' , 'Snatch' , '2000' , NULL , 8.5 , 'https://movie.douban.com/subject/1301171/' , 'https://img1.doubanio.com/view/movie_poster_cover/spst/public/p616753227.jpg'    
 , 1 );
INSERT INTO Director VALUES (128, '盖·里奇', NULL, NULL, NULL);
INSERT INTO Direct VALUES (   1301171 ,  128 );
INSERT INTO Actor VALUES ('布拉德·皮特', NULL, NULL, NULL, 356);
INSERT INTO Play VALUES (   1301171 ,  356 );
INSERT INTO Actor VALUES ('本尼西奥·德尔·托罗', NULL, NULL, NULL, 357);
INSERT INTO Play VALUES (   1301171 ,  357 );
INSERT INTO Actor VALUES ('杰森·斯坦森', NULL, NULL, NULL, 358);
INSERT INTO Play VALUES (   1301171 ,  358 );
INSERT INTO Belong VALUES (  1301171,'喜剧');
INSERT INTO Belong VALUES (  1301171,'犯罪');
INSERT INTO Movie VALUES (   1301753 , '狮子王' , 'The Lion King' , '1994' , NULL , 8.9 , 'https://movie.douban.com/subject/1301753/' , 'https://img1.doubanio.com/view/photo/s_ratio_poster/public/p726659067.webp'    
 , 1 );
INSERT INTO Director VALUES (129, '罗杰·阿勒斯', NULL, NULL, NULL);
INSERT INTO Direct VALUES (   1301753 ,  129 );
INSERT INTO Director VALUES (130, '罗伯·明可夫', NULL, NULL, NULL);
INSERT INTO Direct VALUES (   1301753 ,  130 );
INSERT INTO Actor VALUES ('乔纳森·泰勒·托马斯', NULL, NULL, NULL, 359);
INSERT INTO Play VALUES (   1301753 ,  359 );
INSERT INTO Actor VALUES ('马修·布罗德里克', NULL, NULL, NULL, 360);
INSERT INTO Play VALUES (   1301753 ,  360 );
INSERT INTO Actor VALUES ('杰瑞米·艾恩斯', NULL, NULL, NULL, 361);
INSERT INTO Play VALUES (   1301753 ,  361 );
INSERT INTO Belong VALUES (  1301753,'剧情');
INSERT INTO Belong VALUES (  1301753,'动画');
INSERT INTO Belong VALUES (  1301753,'冒险');
INSERT INTO Movie VALUES (   1302425 , '喜剧之王' , '喜劇之王' , '1999' , NULL , 8.5 , 'https://movie.douban.com/subject/1302425/' , 'https://img3.doubanio.com/view/movie_poster_cover/spst/public/p1043597424.jpg'    
 , 1 );
INSERT INTO Director VALUES (131, '周星驰', NULL, NULL, NULL);
INSERT INTO Direct VALUES (   1302425 ,  131 );
INSERT INTO Director VALUES (132, '李力持', NULL, NULL, NULL);
INSERT INTO Direct VALUES (   1302425 ,  132 );
INSERT INTO Actor VALUES ('周星驰', NULL, NULL, NULL, 362);
INSERT INTO Play VALUES (   1302425 ,  362 );
INSERT INTO Actor VALUES ('张柏芝', NULL, NULL, NULL, 363);
INSERT INTO Play VALUES (   1302425 ,  363 );
INSERT INTO Actor VALUES ('莫文蔚', NULL, NULL, NULL, 364);
INSERT INTO Play VALUES (   1302425 ,  364 );
INSERT INTO Belong VALUES (  1302425,'喜剧');
INSERT INTO Belong VALUES (  1302425,'剧情');
INSERT INTO Belong VALUES (  1302425,'爱情');
INSERT INTO Movie VALUES (   1302467 , '黑客帝国3：矩阵革命' , 'The Matrix Revolutions' , '2003' , NULL , 8.5 , 'https://movie.douban.com/subject/1302467/' , 'https://img1.doubanio.com/view/movie_poster_cover/spst/public/p443461818.jpg'    
 , 1 );
INSERT INTO Director VALUES (133, '莉莉·沃卓斯基', NULL, NULL, NULL);
INSERT INTO Direct VALUES (   1302467 ,  133 );
INSERT INTO Director VALUES (134, '拉娜·沃卓斯基', NULL, NULL, NULL);
INSERT INTO Direct VALUES (   1302467 ,  134 );
INSERT INTO Actor VALUES ('基努·里维斯', NULL, NULL, NULL, 365);
INSERT INTO Play VALUES (   1302467 ,  365 );
INSERT INTO Actor VALUES ('劳伦斯·菲什伯恩', NULL, NULL, NULL, 366);
INSERT INTO Play VALUES (   1302467 ,  366 );
INSERT INTO Actor VALUES ('凯瑞-安·莫斯', NULL, NULL, NULL, 367);
INSERT INTO Play VALUES (   1302467 ,  367 );
INSERT INTO Belong VALUES (  1302467,'动作');
INSERT INTO Belong VALUES (  1302467,'科幻');
INSERT INTO Movie VALUES (   1302476 , '麦兜故事' , '麥兜故事' , '2001' , NULL , 8.5 , 'https://movie.douban.com/subject/1302476/' , 'https://img3.doubanio.com/view/movie_poster_cover/spst/public/p804938713.jpg'    
 , 1 );
INSERT INTO Director VALUES (135, '袁建滔', NULL, NULL, NULL);
INSERT INTO Direct VALUES (   1302476 ,  135 );
INSERT INTO Actor VALUES ('李晋纬', NULL, NULL, NULL, 368);
INSERT INTO Play VALUES (   1302476 ,  368 );
INSERT INTO Actor VALUES ('林海峰', NULL, NULL, NULL, 369);
INSERT INTO Play VALUES (   1302476 ,  369 );
INSERT INTO Actor VALUES ('吴君如', NULL, NULL, NULL, 370);
INSERT INTO Play VALUES (   1302476 ,  370 );
INSERT INTO Belong VALUES (  1302476,'剧情');
INSERT INTO Belong VALUES (  1302476,'喜剧');
INSERT INTO Belong VALUES (  1302476,'动画');
INSERT INTO Movie VALUES (   1302827 , '人工智能' , 'Artificial Intelligence: AI' , '2001' , NULL , 8.6 , 'https://movie.douban.com/subject/1302827/' , 'https://img1.doubanio.com/view/movie_poster_cover/spst/public/p792257137.jpg'    
 , 1 );
INSERT INTO Director VALUES (136, '史蒂文·斯皮尔伯格', NULL, NULL, NULL);
INSERT INTO Direct VALUES (   1302827 ,  136 );
INSERT INTO Actor VALUES ('海利·乔·奥斯蒙', NULL, NULL, NULL, 371);
INSERT INTO Play VALUES (   1302827 ,  371 );
INSERT INTO Actor VALUES ('弗兰西丝·奥康纳', NULL, NULL, NULL, 372);
INSERT INTO Play VALUES (   1302827 ,  372 );
INSERT INTO Actor VALUES ('山姆·洛巴兹', NULL, NULL, NULL, 373);
INSERT INTO Play VALUES (   1302827 ,  373 );
INSERT INTO Belong VALUES (  1302827,'冒险');
INSERT INTO Belong VALUES (  1302827,'剧情');
INSERT INTO Belong VALUES (  1302827,'科幻');
INSERT INTO Movie VALUES (   1303021 , '小鞋子' , '?????? ?????' , '1997' , NULL , 9.2 , 'https://movie.douban.com/subject/1303021/' , 'https://img3.doubanio.com/view/movie_poster_cover/spst/public/p2173580603.jpg'    
 , 1 );
INSERT INTO Director VALUES (137, '马基德·马基迪', NULL, NULL, NULL);
INSERT INTO Direct VALUES (   1303021 ,  137 );
INSERT INTO Actor VALUES ('Amir Farrokh Hashemian', NULL, NULL, NULL, 374);
INSERT INTO Play VALUES (   1303021 ,  374 );
INSERT INTO Actor VALUES ('默罕默德·阿米尔·纳吉', NULL, NULL, NULL, 375);
INSERT INTO Play VALUES (   1303021 ,  375 );
INSERT INTO Actor VALUES ('Bahare Seddiqi', NULL, NULL, NULL, 376);
INSERT INTO Play VALUES (   1303021 ,  376 );
INSERT INTO Belong VALUES (  1303021,'剧情');
INSERT INTO Belong VALUES (  1303021,'家庭');
INSERT INTO Belong VALUES (  1303021,'儿童');
INSERT INTO Movie VALUES (   1303037 , '喜宴' , '喜宴' , '1993' , NULL , 8.8 , 'https://movie.douban.com/subject/1303037/' , 'https://img3.doubanio.com/view/movie_poster_cover/spst/public/p2173713676.jpg'    
 , 1 );
INSERT INTO Director VALUES (138, '李安', NULL, NULL, NULL);
INSERT INTO Direct VALUES (   1303037 ,  138 );
INSERT INTO Actor VALUES ('赵文瑄', NULL, NULL, NULL, 377);
INSERT INTO Play VALUES (   1303037 ,  377 );
INSERT INTO Actor VALUES ('归亚蕾', NULL, NULL, NULL, 378);
INSERT INTO Play VALUES (   1303037 ,  378 );
INSERT INTO Actor VALUES ('金素梅', NULL, NULL, NULL, 379);
INSERT INTO Play VALUES (   1303037 ,  379 );
INSERT INTO Belong VALUES (  1303037,'剧情');
INSERT INTO Belong VALUES (  1303037,'喜剧');
INSERT INTO Belong VALUES (  1303037,'爱情');
INSERT INTO Movie VALUES (   1303394 , '青蛇' , '青蛇' , '1993' , NULL , 8.4 , 'https://movie.douban.com/subject/1303394/' , 'https://img3.doubanio.com/view/movie_poster_cover/spst/public/p584021784.jpg'    
 , 1 );
INSERT INTO Director VALUES (139, '徐克', NULL, NULL, NULL);
INSERT INTO Direct VALUES (   1303394 ,  139 );
INSERT INTO Actor VALUES ('张曼玉', NULL, NULL, NULL, 380);
INSERT INTO Play VALUES (   1303394 ,  380 );
INSERT INTO Actor VALUES ('王祖贤', NULL, NULL, NULL, 381);
INSERT INTO Play VALUES (   1303394 ,  381 );
INSERT INTO Actor VALUES ('赵文卓', NULL, NULL, NULL, 382);
INSERT INTO Play VALUES (   1303394 ,  382 );
INSERT INTO Belong VALUES (  1303394,'剧情');
INSERT INTO Belong VALUES (  1303394,'奇幻');
INSERT INTO Category VALUES ('古装' , NULL);
INSERT INTO Belong VALUES (  1303394,'古装');
INSERT INTO Movie VALUES (   1304102 , '谍影重重' , 'The Bourne Identity' , '2002' , NULL , 8.5 , 'https://movie.douban.com/subject/1304102/' , 'https://img3.doubanio.com/view/movie_poster_cover/spst/public/p1597183981.jpg'    
 , 1 );
INSERT INTO Director VALUES (140, '道格·里曼', NULL, NULL, NULL);
INSERT INTO Direct VALUES (   1304102 ,  140 );
INSERT INTO Actor VALUES ('马特·达蒙', NULL, NULL, NULL, 383);
INSERT INTO Play VALUES (   1304102 ,  383 );
INSERT INTO Actor VALUES ('弗朗卡·波滕特', NULL, NULL, NULL, 384);
INSERT INTO Play VALUES (   1304102 ,  384 );
INSERT INTO Actor VALUES ('克里斯·库珀', NULL, NULL, NULL, 385);
INSERT INTO Play VALUES (   1304102 ,  385 );
INSERT INTO Belong VALUES (  1304102,'动作');
INSERT INTO Belong VALUES (  1304102,'悬疑');
INSERT INTO Belong VALUES (  1304102,'惊悚');
INSERT INTO Movie VALUES (   1304447 , '记忆碎片' , 'Memento' , '2000' , NULL , 8.5 , 'https://movie.douban.com/subject/1304447/' , 'https://img3.doubanio.com/view/movie_poster_cover/spst/public/p641688453.jpg'    
 , 1 );
INSERT INTO Director VALUES (141, '克里斯托弗·诺兰', NULL, NULL, NULL);
INSERT INTO Direct VALUES (   1304447 ,  141 );
INSERT INTO Actor VALUES ('盖·皮尔斯', NULL, NULL, NULL, 386);
INSERT INTO Play VALUES (   1304447 ,  386 );
INSERT INTO Actor VALUES ('凯瑞-安·莫斯', NULL, NULL, NULL, 387);
INSERT INTO Play VALUES (   1304447 ,  387 );
INSERT INTO Actor VALUES ('乔·潘托里亚诺', NULL, NULL, NULL, 388);
INSERT INTO Play VALUES (   1304447 ,  388 );
INSERT INTO Belong VALUES (  1304447,'犯罪');
INSERT INTO Belong VALUES (  1304447,'剧情');
INSERT INTO Belong VALUES (  1304447,'悬疑');
INSERT INTO Movie VALUES (   1305164 , '甜蜜蜜' , '甜蜜蜜' , '1996' , NULL , 8.7 , 'https://movie.douban.com/subject/1305164/' , 'https://img3.doubanio.com/view/movie_poster_cover/spst/public/p1962839732.jpg'    
 , 1 );
INSERT INTO Director VALUES (142, '陈可辛', NULL, NULL, NULL);
INSERT INTO Direct VALUES (   1305164 ,  142 );
INSERT INTO Actor VALUES ('黎明', NULL, NULL, NULL, 389);
INSERT INTO Play VALUES (   1305164 ,  389 );
INSERT INTO Actor VALUES ('张曼玉', NULL, NULL, NULL, 390);
INSERT INTO Play VALUES (   1305164 ,  390 );
INSERT INTO Actor VALUES ('杨恭如', NULL, NULL, NULL, 391);
INSERT INTO Play VALUES (   1305164 ,  391 );
INSERT INTO Belong VALUES (  1305164,'剧情');
INSERT INTO Belong VALUES (  1305164,'爱情');
INSERT INTO Movie VALUES (   1305487 , '猫鼠游戏' , 'Catch Me If You Can' , '2002' , NULL , 8.7 , 'https://movie.douban.com/subject/1305487/' , 'https://img3.doubanio.com/view/movie_poster_cover/spst/public/p453924541.jpg'    
 , 1 );
INSERT INTO Director VALUES (143, '史蒂文·斯皮尔伯格', NULL, NULL, NULL);
INSERT INTO Direct VALUES (   1305487 ,  143 );
INSERT INTO Actor VALUES ('莱昂纳多·迪卡普里奥', NULL, NULL, NULL, 392);
INSERT INTO Play VALUES (   1305487 ,  392 );
INSERT INTO Actor VALUES ('汤姆·汉克斯', NULL, NULL, NULL, 393);
INSERT INTO Play VALUES (   1305487 ,  393 );
INSERT INTO Actor VALUES ('克里斯托弗·沃肯', NULL, NULL, NULL, 394);
INSERT INTO Play VALUES (   1305487 ,  394 );
INSERT INTO Belong VALUES (  1305487,'传记');
INSERT INTO Belong VALUES (  1305487,'犯罪');
INSERT INTO Belong VALUES (  1305487,'剧情');
INSERT INTO Movie VALUES (   1305690 , '阿飞正传' , '阿飛正傳' , '1990' , NULL , 8.5 , 'https://movie.douban.com/subject/1305690/' , 'https://img3.doubanio.com/view/movie_poster_cover/spst/public/p924558512.jpg'    
 , 1 );
INSERT INTO Director VALUES (144, '王家卫', NULL, NULL, NULL);
INSERT INTO Direct VALUES (   1305690 ,  144 );
INSERT INTO Actor VALUES ('张国荣', NULL, NULL, NULL, 395);
INSERT INTO Play VALUES (   1305690 ,  395 );
INSERT INTO Actor VALUES ('张曼玉', NULL, NULL, NULL, 396);
INSERT INTO Play VALUES (   1305690 ,  396 );
INSERT INTO Actor VALUES ('刘嘉玲', NULL, NULL, NULL, 397);
INSERT INTO Play VALUES (   1305690 ,  397 );
INSERT INTO Belong VALUES (  1305690,'犯罪');
INSERT INTO Belong VALUES (  1305690,'剧情');
INSERT INTO Belong VALUES (  1305690,'爱情');
INSERT INTO Movie VALUES (   1305725 , '大卫·戈尔的一生' , 'The Life of David Gale' , '2003' , NULL , 8.7 , 'https://movie.douban.com/subject/1305725/' , 'https://img1.doubanio.com/view/movie_poster_cover/spst/public/p2186861098.jpg'    
 , 1 );
INSERT INTO Director VALUES (145, '艾伦·帕克', NULL, NULL, NULL);
INSERT INTO Direct VALUES (   1305725 ,  145 );
INSERT INTO Actor VALUES ('凯文·史派西', NULL, NULL, NULL, 398);
INSERT INTO Play VALUES (   1305725 ,  398 );
INSERT INTO Actor VALUES ('凯特·温丝莱特', NULL, NULL, NULL, 399);
INSERT INTO Play VALUES (   1305725 ,  399 );
INSERT INTO Actor VALUES ('劳拉·琳妮', NULL, NULL, NULL, 400);
INSERT INTO Play VALUES (   1305725 ,  400 );
INSERT INTO Belong VALUES (  1305725,'剧情');
INSERT INTO Belong VALUES (  1305725,'犯罪');
INSERT INTO Belong VALUES (  1305725,'悬疑');
INSERT INTO Movie VALUES (   1306029 , '美丽心灵' , 'A Beautiful Mind' , '2001' , NULL , 8.9 , 'https://movie.douban.com/subject/1306029/' , 'https://img3.doubanio.com/view/movie_poster_cover/spst/public/p1665997400.jpg'    
 , 1 );
INSERT INTO Director VALUES (146, '朗·霍华德', NULL, NULL, NULL);
INSERT INTO Direct VALUES (   1306029 ,  146 );
INSERT INTO Actor VALUES ('罗素·克劳', NULL, NULL, NULL, 401);
INSERT INTO Play VALUES (   1306029 ,  401 );
INSERT INTO Actor VALUES ('詹妮弗·康纳利', NULL, NULL, NULL, 402);
INSERT INTO Play VALUES (   1306029 ,  402 );
INSERT INTO Actor VALUES ('艾德·哈里斯', NULL, NULL, NULL, 403);
INSERT INTO Play VALUES (   1306029 ,  403 );
INSERT INTO Belong VALUES (  1306029,'传记');
INSERT INTO Belong VALUES (  1306029,'剧情');
INSERT INTO Movie VALUES (   1306249 , '唐伯虎点秋香' , '唐伯虎點秋香' , '1993' , NULL , 8.4 , 'https://movie.douban.com/subject/1306249/' , 'https://img3.doubanio.com/view/movie_poster_cover/spst/public/p1946455272.jpg'    
 , 1 );
INSERT INTO Director VALUES (147, '李力持', NULL, NULL, NULL);
INSERT INTO Direct VALUES (   1306249 ,  147 );
INSERT INTO Actor VALUES ('周星驰', NULL, NULL, NULL, 404);
INSERT INTO Play VALUES (   1306249 ,  404 );
INSERT INTO Actor VALUES ('巩俐', NULL, NULL, NULL, 405);
INSERT INTO Play VALUES (   1306249 ,  405 );
INSERT INTO Actor VALUES ('陈百祥', NULL, NULL, NULL, 406);
INSERT INTO Play VALUES (   1306249 ,  406 );
INSERT INTO Belong VALUES (  1306249,'喜剧');
INSERT INTO Belong VALUES (  1306249,'爱情');
INSERT INTO Belong VALUES (  1306249,'古装');
INSERT INTO Movie VALUES (   1306861 , '我是山姆' , 'I Am Sam' , '2001' , NULL , 8.8 , 'https://movie.douban.com/subject/1306861/' , 'https://img3.doubanio.com/view/movie_poster_cover/spst/public/p652417775.jpg'    
 , 1 );
INSERT INTO Director VALUES (148, '杰茜·尼尔森', NULL, NULL, NULL);
INSERT INTO Direct VALUES (   1306861 ,  148 );
INSERT INTO Actor VALUES ('西恩·潘', NULL, NULL, NULL, 407);
INSERT INTO Play VALUES (   1306861 ,  407 );
INSERT INTO Actor VALUES ('达科塔·范宁', NULL, NULL, NULL, 408);
INSERT INTO Play VALUES (   1306861 ,  408 );
INSERT INTO Actor VALUES ('米歇尔·菲佛', NULL, NULL, NULL, 409);
INSERT INTO Play VALUES (   1306861 ,  409 );
INSERT INTO Belong VALUES (  1306861,'剧情');
INSERT INTO Belong VALUES (  1306861,'家庭');
INSERT INTO Movie VALUES (   1307315 , '哪吒闹海' , '哪吒闹海' , '1979' , NULL , 8.8 , 'https://movie.douban.com/subject/1307315/' , 'https://img3.doubanio.com/view/photo/s_ratio_poster/public/p1945506312.webp'   
 , 1 );
INSERT INTO Director VALUES (149, '严定宪', NULL, NULL, NULL);
INSERT INTO Direct VALUES (   1307315 ,  149 );
INSERT INTO Director VALUES (150, '王树忱', NULL, NULL, NULL);
INSERT INTO Direct VALUES (   1307315 ,  150 );
INSERT INTO Director VALUES (151, '徐景达', NULL, NULL, NULL);
INSERT INTO Direct VALUES (   1307315 ,  151 );
INSERT INTO Actor VALUES ('梁正晖', NULL, NULL, NULL, 410);
INSERT INTO Play VALUES (   1307315 ,  410 );
INSERT INTO Actor VALUES ('邱岳峰', NULL, NULL, NULL, 411);
INSERT INTO Play VALUES (   1307315 ,  411 );
INSERT INTO Actor VALUES ('毕克', NULL, NULL, NULL, 412);
INSERT INTO Play VALUES (   1307315 ,  412 );
INSERT INTO Belong VALUES (  1307315,'冒险');
INSERT INTO Belong VALUES (  1307315,'动画');
INSERT INTO Belong VALUES (  1307315,'奇幻');
INSERT INTO Movie VALUES (   1307793 , '燕尾蝶' , 'スワロウテイル' , '1996' , NULL , 8.6 , 'https://movie.douban.com/subject/1307793/' , 'https://img3.doubanio.com/view/movie_poster_cover/spst/public/p532195562.jpg'    
 , 1 );
INSERT INTO Director VALUES (152, '岩井俊二', NULL, NULL, NULL);
INSERT INTO Direct VALUES (   1307793 ,  152 );
INSERT INTO Actor VALUES ('三上博史', NULL, NULL, NULL, 413);
INSERT INTO Play VALUES (   1307793 ,  413 );
INSERT INTO Actor VALUES ('恰拉', NULL, NULL, NULL, 414);
INSERT INTO Play VALUES (   1307793 ,  414 );
INSERT INTO Actor VALUES ('伊藤步', NULL, NULL, NULL, 415);
INSERT INTO Play VALUES (   1307793 ,  415 );
INSERT INTO Belong VALUES (  1307793,'犯罪');
INSERT INTO Belong VALUES (  1307793,'剧情');
INSERT INTO Movie VALUES (   1307811 , '魔女宅急便' , '魔女の宅急便' , '1989' , NULL , 8.4 , 'https://movie.douban.com/subject/1307811/' , 'https://img3.doubanio.com/view/movie_poster_cover/spst/public/p456676352.jpg'    
 , 1 );
INSERT INTO Director VALUES (153, '宫崎骏', NULL, NULL, NULL);
INSERT INTO Direct VALUES (   1307811 ,  153 );
INSERT INTO Actor VALUES ('高山南', NULL, NULL, NULL, 416);
INSERT INTO Play VALUES (   1307811 ,  416 );
INSERT INTO Actor VALUES ('佐久间玲', NULL, NULL, NULL, 417);
INSERT INTO Play VALUES (   1307811 ,  417 );
INSERT INTO Actor VALUES ('山口胜平', NULL, NULL, NULL, 418);
INSERT INTO Play VALUES (   1307811 ,  418 );
INSERT INTO Belong VALUES (  1307811,'动画');
INSERT INTO Belong VALUES (  1307811,'奇幻');
INSERT INTO Belong VALUES (  1307811,'冒险');
INSERT INTO Movie VALUES (   1307914 , '无间道' , '無間道' , '2002' , NULL , 9.0 , 'https://movie.douban.com/subject/1307914/' , 'https://img3.doubanio.com/view/movie_poster_cover/spst/public/p2233971046.jpg'    
 , 1 );
INSERT INTO Director VALUES (154, '刘伟强', NULL, NULL, NULL);
INSERT INTO Direct VALUES (   1307914 ,  154 );
INSERT INTO Director VALUES (155, '麦兆辉', NULL, NULL, NULL);
INSERT INTO Direct VALUES (   1307914 ,  155 );
INSERT INTO Actor VALUES ('刘德华', NULL, NULL, NULL, 419);
INSERT INTO Play VALUES (   1307914 ,  419 );
INSERT INTO Actor VALUES ('梁朝伟', NULL, NULL, NULL, 420);
INSERT INTO Play VALUES (   1307914 ,  420 );
INSERT INTO Actor VALUES ('黄秋生', NULL, NULL, NULL, 421);
INSERT INTO Play VALUES (   1307914 ,  421 );
INSERT INTO Belong VALUES (  1307914,'剧情');
INSERT INTO Belong VALUES (  1307914,'犯罪');
INSERT INTO Belong VALUES (  1307914,'悬疑');
INSERT INTO Movie VALUES (   1308575 , '蓝色大门' , '藍色大門' , '2002' , NULL , 8.3 , 'https://movie.douban.com/subject/1308575/' , 'https://img3.doubanio.com/view/movie_poster_cover/spst/public/p584822570.jpg'    
 , 1 );
INSERT INTO Director VALUES (156, '易智言', NULL, NULL, NULL);
INSERT INTO Direct VALUES (   1308575 ,  156 );
INSERT INTO Actor VALUES ('桂纶镁', NULL, NULL, NULL, 422);
INSERT INTO Play VALUES (   1308575 ,  422 );
INSERT INTO Actor VALUES ('陈柏霖', NULL, NULL, NULL, 423);
INSERT INTO Play VALUES (   1308575 ,  423 );
INSERT INTO Actor VALUES ('梁又琳', NULL, NULL, NULL, 424);
INSERT INTO Play VALUES (   1308575 ,  424 );
INSERT INTO Belong VALUES (  1308575,'剧情');
INSERT INTO Belong VALUES (  1308575,'爱情');
INSERT INTO Belong VALUES (  1308575,'同性');
INSERT INTO Movie VALUES (   1308767 , '谍影重重2' , 'The Bourne Supremacy' , '2004' , NULL , 8.5 , 'https://movie.douban.com/subject/1308767/' , 'https://img3.doubanio.com/view/movie_poster_cover/spst/public/p667644866.jpg'    
 , 1 );
INSERT INTO Director VALUES (157, '保罗·格林格拉斯', NULL, NULL, NULL);
INSERT INTO Direct VALUES (   1308767 ,  157 );
INSERT INTO Actor VALUES ('马特·达蒙', NULL, NULL, NULL, 425);
INSERT INTO Play VALUES (   1308767 ,  425 );
INSERT INTO Actor VALUES ('弗朗卡·波滕特', NULL, NULL, NULL, 426);
INSERT INTO Play VALUES (   1308767 ,  426 );
INSERT INTO Actor VALUES ('布莱恩·考克斯', NULL, NULL, NULL, 427);
INSERT INTO Play VALUES (   1308767 ,  427 );
INSERT INTO Belong VALUES (  1308767,'动作');
INSERT INTO Belong VALUES (  1308767,'悬疑');
INSERT INTO Belong VALUES (  1308767,'惊悚');
INSERT INTO Movie VALUES (   1308777 , '暖暖内含光' , 'Eternal Sunshine of the Spotless Mind' , '2004' , NULL , 8.4 , 'https://movie.douban.com/subject/1308777/' , 'https://img3.doubanio.com/view/movie_poster_cover/spst/public/p479565065.jpg'    
 , 1 );
INSERT INTO Director VALUES (158, '米歇尔·贡德里', NULL, NULL, NULL);
INSERT INTO Direct VALUES (   1308777 ,  158 );
INSERT INTO Actor VALUES ('金·凯瑞', NULL, NULL, NULL, 428);
INSERT INTO Play VALUES (   1308777 ,  428 );
INSERT INTO Actor VALUES ('凯特·温丝莱特', NULL, NULL, NULL, 429);
INSERT INTO Play VALUES (   1308777 ,  429 );
INSERT INTO Actor VALUES ('伊利亚·伍德', NULL, NULL, NULL, 430);
INSERT INTO Play VALUES (   1308777 ,  430 );
INSERT INTO Belong VALUES (  1308777,'剧情');
INSERT INTO Belong VALUES (  1308777,'爱情');
INSERT INTO Belong VALUES (  1308777,'奇幻');
INSERT INTO Movie VALUES (   1308807 , '哈尔的移动城堡' , 'ハウルの動く城' , '2004' , NULL , 8.9 , 'https://movie.douban.com/subject/1308807/' , 'https://img3.doubanio.com/view/movie_poster_cover/spst/public/p2174346180.jpg'    
 , 1 );
INSERT INTO Director VALUES (159, '宫崎骏', NULL, NULL, NULL);
INSERT INTO Direct VALUES (   1308807 ,  159 );
INSERT INTO Actor VALUES ('倍赏千惠子', NULL, NULL, NULL, 431);
INSERT INTO Play VALUES (   1308807 ,  431 );
INSERT INTO Actor VALUES ('木村拓哉', NULL, NULL, NULL, 432);
INSERT INTO Play VALUES (   1308807 ,  432 );
INSERT INTO Actor VALUES ('美轮明宏', NULL, NULL, NULL, 433);
INSERT INTO Play VALUES (   1308807 ,  433 );
INSERT INTO Belong VALUES (  1308807,'爱情');
INSERT INTO Belong VALUES (  1308807,'动画');
INSERT INTO Belong VALUES (  1308807,'奇幻');
INSERT INTO Movie VALUES (   1308857 , '可可西里' , '可可西里' , '2004' , NULL , 8.6 , 'https://movie.douban.com/subject/1308857/' , 'https://img3.doubanio.com/view/movie_poster_cover/spst/public/p2363208684.jpg'    
 , 1 );
INSERT INTO Director VALUES (160, '陆川', NULL, NULL, NULL);
INSERT INTO Direct VALUES (   1308857 ,  160 );
INSERT INTO Actor VALUES ('多布杰', NULL, NULL, NULL, 434);
INSERT INTO Play VALUES (   1308857 ,  434 );
INSERT INTO Actor VALUES ('张正阳', NULL, NULL, NULL, 435);
INSERT INTO Play VALUES (   1308857 ,  435 );
INSERT INTO Actor VALUES ('亓亮', NULL, NULL, NULL, 436);
INSERT INTO Play VALUES (   1308857 ,  436 );
INSERT INTO Belong VALUES (  1308857,'剧情');
INSERT INTO Belong VALUES (  1308857,'犯罪');
INSERT INTO Movie VALUES (   1309027 , '罪恶之城' , 'Sin City' , '2005' , NULL , 8.4 , 'https://movie.douban.com/subject/1309027/' , 'https://img1.doubanio.com/view/movie_poster_cover/spst/public/p2173716829.jpg'    
 , 1 );
INSERT INTO Director VALUES (161, '弗兰克·米勒', NULL, NULL, NULL);
INSERT INTO Direct VALUES (   1309027 ,  161 );
INSERT INTO Director VALUES (162, '罗伯特·罗德里格兹', NULL, NULL, NULL);
INSERT INTO Direct VALUES (   1309027 ,  162 );
INSERT INTO Director VALUES (163, '昆汀·塔伦蒂诺', NULL, NULL, NULL);
INSERT INTO Direct VALUES (   1309027 ,  163 );
INSERT INTO Actor VALUES ('杰西卡·阿尔芭', NULL, NULL, NULL, 437);
INSERT INTO Play VALUES (   1309027 ,  437 );
INSERT INTO Actor VALUES ('布鲁斯·威利斯', NULL, NULL, NULL, 438);
INSERT INTO Play VALUES (   1309027 ,  438 );
INSERT INTO Actor VALUES ('克里夫·欧文', NULL, NULL, NULL, 439);
INSERT INTO Play VALUES (   1309027 ,  439 );
INSERT INTO Belong VALUES (  1309027,'动作');
INSERT INTO Belong VALUES (  1309027,'犯罪');
INSERT INTO Belong VALUES (  1309027,'惊悚');
INSERT INTO Movie VALUES (   1309046 , 'V字仇杀队' , 'V for Vendetta' , '2005' , NULL , 8.8 , 'https://movie.douban.com/subject/1309046/' , 'https://img3.doubanio.com/view/movie_poster_cover/spst/public/p1465235231.jpg'    
 , 1 );
INSERT INTO Director VALUES (164, '詹姆斯·麦克特格', NULL, NULL, NULL);
INSERT INTO Direct VALUES (   1309046 ,  164 );
INSERT INTO Actor VALUES ('娜塔莉·波特曼', NULL, NULL, NULL, 440);
INSERT INTO Play VALUES (   1309046 ,  440 );
INSERT INTO Actor VALUES ('雨果·维文', NULL, NULL, NULL, 441);
INSERT INTO Play VALUES (   1309046 ,  441 );
INSERT INTO Actor VALUES ('斯蒂芬·瑞', NULL, NULL, NULL, 442);
INSERT INTO Play VALUES (   1309046 ,  442 );
INSERT INTO Belong VALUES (  1309046,'剧情');
INSERT INTO Belong VALUES (  1309046,'动作');
INSERT INTO Belong VALUES (  1309046,'科幻');
INSERT INTO Movie VALUES (   1309163 , '恋恋笔记本' , 'The Notebook' , '2004' , NULL , 8.5 , 'https://movie.douban.com/subject/1309163/' , 'https://img3.doubanio.com/view/movie_poster_cover/spst/public/p483604864.jpg'    
 , 1 );
INSERT INTO Director VALUES (165, '尼克·卡索维茨', NULL, NULL, NULL);
INSERT INTO Direct VALUES (   1309163 ,  165 );
INSERT INTO Actor VALUES ('瑞恩·高斯林', NULL, NULL, NULL, 443);
INSERT INTO Play VALUES (   1309163 ,  443 );
INSERT INTO Actor VALUES ('瑞秋·麦克亚当斯', NULL, NULL, NULL, 444);
INSERT INTO Play VALUES (   1309163 ,  444 );
INSERT INTO Actor VALUES ('吉娜·罗兰兹', NULL, NULL, NULL, 445);
INSERT INTO Play VALUES (   1309163 ,  445 );
INSERT INTO Belong VALUES (  1309163,'剧情');
INSERT INTO Belong VALUES (  1309163,'爱情');
INSERT INTO Movie VALUES (   1316510 , '射雕英雄传之东成西就' , '射鵰英雄傳之東成西就' , '1993' , NULL , 8.7 , 'https://movie.douban.com/subject/1316510/' , 'https://img3.doubanio.com/view/movie_poster_cover/spst/public/p1993903133.jpg'    
 , 1 );
INSERT INTO Director VALUES (166, '刘镇伟', NULL, NULL, NULL);
INSERT INTO Direct VALUES (   1316510 ,  166 );
INSERT INTO Actor VALUES ('梁朝伟', NULL, NULL, NULL, 446);
INSERT INTO Play VALUES (   1316510 ,  446 );
INSERT INTO Actor VALUES ('林青霞', NULL, NULL, NULL, 447);
INSERT INTO Play VALUES (   1316510 ,  447 );
INSERT INTO Actor VALUES ('张国荣', NULL, NULL, NULL, 448);
INSERT INTO Play VALUES (   1316510 ,  448 );
INSERT INTO Belong VALUES (  1316510,'喜剧');
INSERT INTO Belong VALUES (  1316510,'古装');
INSERT INTO Movie VALUES (   1388216 , '撞车' , 'Crash' , '2004' , NULL , 8.6 , 'https://movie.douban.com/subject/1388216/' , 'https://img3.doubanio.com/view/movie_poster_cover/spst/public/p2075132390.jpg'    
 , 1 );
INSERT INTO Director VALUES (167, '保罗·哈吉斯', NULL, NULL, NULL);
INSERT INTO Direct VALUES (   1388216 ,  167 );
INSERT INTO Actor VALUES ('桑德拉·布洛克', NULL, NULL, NULL, 449);
INSERT INTO Play VALUES (   1388216 ,  449 );
INSERT INTO Actor VALUES ('唐·钱德尔', NULL, NULL, NULL, 450);
INSERT INTO Play VALUES (   1388216 ,  450 );
INSERT INTO Actor VALUES ('马特·狄龙', NULL, NULL, NULL, 451);
INSERT INTO Play VALUES (   1388216 ,  451 );
INSERT INTO Belong VALUES (  1388216,'犯罪');
INSERT INTO Belong VALUES (  1388216,'剧情');
INSERT INTO Movie VALUES (   1395091 , '未麻的部屋' , 'Perfect Blue' , '1997' , NULL , 8.8 , 'https://movie.douban.com/subject/1395091/' , 'https://img3.doubanio.com/view/movie_poster_cover/spst/public/p1351050722.jpg'    
 , 1 );
INSERT INTO Director VALUES (168, '今敏', NULL, NULL, NULL);
INSERT INTO Direct VALUES (   1395091 ,  168 );
INSERT INTO Actor VALUES ('岩男润子', NULL, NULL, NULL, 452);
INSERT INTO Play VALUES (   1395091 ,  452 );
INSERT INTO Actor VALUES ('松本梨香', NULL, NULL, NULL, 453);
INSERT INTO Play VALUES (   1395091 ,  453 );
INSERT INTO Actor VALUES ('辻亲八', NULL, NULL, NULL, 454);
INSERT INTO Play VALUES (   1395091 ,  454 );
INSERT INTO Belong VALUES (  1395091,'动画');
INSERT INTO Belong VALUES (  1395091,'奇幻');
INSERT INTO Belong VALUES (  1395091,'惊悚');
INSERT INTO Movie VALUES (   1397546 , '追随' , 'Following' , '1998' , NULL , 8.9 , 'https://movie.douban.com/subject/1397546/' , 'https://img1.doubanio.com/view/movie_poster_cover/spst/public/p1150103377.jpg'    
 , 1 );
INSERT INTO Director VALUES (169, '克里斯托弗·诺兰', NULL, NULL, NULL);
INSERT INTO Direct VALUES (   1397546 ,  169 );
INSERT INTO Actor VALUES ('杰里米·西奥伯德', NULL, NULL, NULL, 455);
INSERT INTO Play VALUES (   1397546 ,  455 );
INSERT INTO Actor VALUES ('亚历克斯·霍', NULL, NULL, NULL, 456);
INSERT INTO Play VALUES (   1397546 ,  456 );
INSERT INTO Actor VALUES ('露西·拉塞尔', NULL, NULL, NULL, 457);
INSERT INTO Play VALUES (   1397546 ,  457 );
INSERT INTO Belong VALUES (  1397546,'犯罪');
INSERT INTO Belong VALUES (  1397546,'悬疑');
INSERT INTO Belong VALUES (  1397546,'惊悚');
INSERT INTO Movie VALUES (   1401118 , '黄金三镖客' , 'Il buono il brutto il cattivo.' , '1966' , NULL , 9.1 , 'https://movie.douban.com/subject/1401118/' , 'https://img1.doubanio.com/view/movie_poster_cover/spst/public/p2101693489.jpg'    
 , 1 );
INSERT INTO Director VALUES (170, '赛尔乔·莱翁内', NULL, NULL, NULL);
INSERT INTO Direct VALUES (   1401118 ,  170 );
INSERT INTO Actor VALUES ('克林特·伊斯特伍德', NULL, NULL, NULL, 458);
INSERT INTO Play VALUES (   1401118 ,  458 );
INSERT INTO Actor VALUES ('埃里·瓦拉赫', NULL, NULL, NULL, 459);
INSERT INTO Play VALUES (   1401118 ,  459 );
INSERT INTO Actor VALUES ('李·范·克里夫', NULL, NULL, NULL, 460);
INSERT INTO Play VALUES (   1401118 ,  460 );
INSERT INTO Belong VALUES (  1401118,'冒险');
INSERT INTO Belong VALUES (  1401118,'西部');
INSERT INTO Movie VALUES (   1417598 , '电锯惊魂' , 'Saw' , '2004' , NULL , 8.6 , 'https://movie.douban.com/subject/1417598/' , 'https://img3.doubanio.com/view/movie_poster_cover/spst/public/p2163771304.jpg'    
 , 1 );
INSERT INTO Director VALUES (171, '温子仁', NULL, NULL, NULL);
INSERT INTO Direct VALUES (   1417598 ,  171 );
INSERT INTO Actor VALUES ('雷·沃纳尔', NULL, NULL, NULL, 461);
INSERT INTO Play VALUES (   1417598 ,  461 );
INSERT INTO Actor VALUES ('加利·艾尔维斯', NULL, NULL, NULL, 462);
INSERT INTO Play VALUES (   1417598 ,  462 );
INSERT INTO Actor VALUES ('丹尼·格洛弗', NULL, NULL, NULL, 463);
INSERT INTO Play VALUES (   1417598 ,  463 );
INSERT INTO Belong VALUES (  1417598,'犯罪');
INSERT INTO Belong VALUES (  1417598,'悬疑');
INSERT INTO Belong VALUES (  1417598,'惊悚');
INSERT INTO Movie VALUES (   1418019 , '大闹天宫' , '大闹天宫' , '1961' , NULL , 9.2 , 'https://movie.douban.com/subject/1418019/' , 'https://img1.doubanio.com/view/movie_poster_cover/spst/public/p2184505167.jpg'    
 , 1 );
INSERT INTO Director VALUES (172, '万籁鸣', NULL, NULL, NULL);
INSERT INTO Direct VALUES (   1418019 ,  172 );
INSERT INTO Director VALUES (173, '唐澄', NULL, NULL, NULL);
INSERT INTO Direct VALUES (   1418019 ,  173 );
INSERT INTO Actor VALUES ('邱岳峰', NULL, NULL, NULL, 464);
INSERT INTO Play VALUES (   1418019 ,  464 );
INSERT INTO Actor VALUES ('富润生', NULL, NULL, NULL, 465);
INSERT INTO Play VALUES (   1418019 ,  465 );
INSERT INTO Actor VALUES ('毕克', NULL, NULL, NULL, 466);
INSERT INTO Play VALUES (   1418019 ,  466 );
INSERT INTO Belong VALUES (  1418019,'动画');
INSERT INTO Belong VALUES (  1418019,'奇幻');
INSERT INTO Movie VALUES (   1418200 , '傲慢与偏见' , 'Pride & Prejudice' , '2005' , NULL , 8.4 , 'https://movie.douban.com/subject/1418200/' , 'https://img3.doubanio.com/view/movie_poster_cover/spst/public/p452005185.jpg'    
 , 1 );
INSERT INTO Director VALUES (174, '乔·赖特', NULL, NULL, NULL);
INSERT INTO Direct VALUES (   1418200 ,  174 );
INSERT INTO Actor VALUES ('凯拉·奈特莉', NULL, NULL, NULL, 467);
INSERT INTO Play VALUES (   1418200 ,  467 );
INSERT INTO Actor VALUES ('马修·麦克费登', NULL, NULL, NULL, 468);
INSERT INTO Play VALUES (   1418200 ,  468 );
INSERT INTO Actor VALUES ('唐纳德·萨瑟兰', NULL, NULL, NULL, 469);
INSERT INTO Play VALUES (   1418200 ,  469 );
INSERT INTO Belong VALUES (  1418200,'剧情');
INSERT INTO Belong VALUES (  1418200,'爱情');
INSERT INTO Movie VALUES (   1418834 , '断背山' , 'Brokeback Mountain' , '2005' , NULL , 8.6 , 'https://movie.douban.com/subject/1418834/' , 'https://img1.doubanio.com/view/movie_poster_cover/spst/public/p513535588.jpg'    
 , 1 );
INSERT INTO Director VALUES (175, '李安', NULL, NULL, NULL);
INSERT INTO Direct VALUES (   1418834 ,  175 );
INSERT INTO Actor VALUES ('希斯·莱杰', NULL, NULL, NULL, 470);
INSERT INTO Play VALUES (   1418834 ,  470 );
INSERT INTO Actor VALUES ('杰克·吉伦哈尔', NULL, NULL, NULL, 471);
INSERT INTO Play VALUES (   1418834 ,  471 );
INSERT INTO Actor VALUES ('米歇尔·威廉姆斯', NULL, NULL, NULL, 472);
INSERT INTO Play VALUES (   1418834 ,  472 );
INSERT INTO Belong VALUES (  1418834,'剧情');
INSERT INTO Belong VALUES (  1418834,'爱情');
INSERT INTO Belong VALUES (  1418834,'同性');
INSERT INTO Movie VALUES (   1419936 , '战争之王' , 'Lord of War' , '2005' , NULL , 8.5 , 'https://movie.douban.com/subject/1419936/' , 'https://img3.doubanio.com/view/movie_poster_cover/spst/public/p453719066.jpg'    
 , 1 );
INSERT INTO Director VALUES (176, '安德鲁·尼科尔', NULL, NULL, NULL);
INSERT INTO Direct VALUES (   1419936 ,  176 );
INSERT INTO Actor VALUES ('尼古拉斯·凯奇', NULL, NULL, NULL, 473);
INSERT INTO Play VALUES (   1419936 ,  473 );
INSERT INTO Actor VALUES ('布丽姬·穆娜', NULL, NULL, NULL, 474);
INSERT INTO Play VALUES (   1419936 ,  474 );
INSERT INTO Actor VALUES ('杰瑞德·莱托', NULL, NULL, NULL, 475);
INSERT INTO Play VALUES (   1419936 ,  475 );
INSERT INTO Belong VALUES (  1419936,'剧情');
INSERT INTO Belong VALUES (  1419936,'犯罪');
INSERT INTO Movie VALUES (   1428175 , '血钻' , 'Blood Diamond' , '2006' , NULL , 8.5 , 'https://movie.douban.com/subject/1428175/' , 'https://img3.doubanio.com/view/photo/s_ratio_poster/public/p1244017073.webp'   
 , 1 );
INSERT INTO Director VALUES (177, '爱德华·兹威克', NULL, NULL, NULL);
INSERT INTO Direct VALUES (   1428175 ,  177 );
INSERT INTO Actor VALUES ('莱昂纳多·迪卡普里奥', NULL, NULL, NULL, 476);
INSERT INTO Play VALUES (   1428175 ,  476 );
INSERT INTO Actor VALUES ('詹妮弗·康纳利', NULL, NULL, NULL, 477);
INSERT INTO Play VALUES (   1428175 ,  477 );
INSERT INTO Actor VALUES ('杰曼·翰苏', NULL, NULL, NULL, 478);
INSERT INTO Play VALUES (   1428175 ,  478 );
INSERT INTO Belong VALUES (  1428175,'剧情');
INSERT INTO Belong VALUES (  1428175,'惊悚');
INSERT INTO Belong VALUES (  1428175,'冒险');
INSERT INTO Movie VALUES (   1438652 , '无耻混蛋' , 'Inglourious Basterds' , '2009' , NULL , 8.4 , 'https://movie.douban.com/subject/1438652/' , 'https://img3.doubanio.com/view/movie_poster_cover/spst/public/p770734475.jpg'    
 , 1 );
INSERT INTO Director VALUES (178, '昆汀·塔伦蒂诺', NULL, NULL, NULL);
INSERT INTO Direct VALUES (   1438652 ,  178 );
INSERT INTO Actor VALUES ('布拉德·皮特', NULL, NULL, NULL, 479);
INSERT INTO Play VALUES (   1438652 ,  479 );
INSERT INTO Actor VALUES ('梅拉尼·罗兰', NULL, NULL, NULL, 480);
INSERT INTO Play VALUES (   1438652 ,  480 );
INSERT INTO Actor VALUES ('克里斯托弗·瓦尔茨', NULL, NULL, NULL, 481);
INSERT INTO Play VALUES (   1438652 ,  481 );
INSERT INTO Belong VALUES (  1438652,'剧情');
INSERT INTO Belong VALUES (  1438652,'犯罪');
INSERT INTO Movie VALUES (   1485260 , '本杰明·巴顿奇事' , 'The Curious Case of Benjamin Button' , '2008' , NULL , 8.7 , 'https://img3.doubanio.com/view/photo/raw/public/p2192535722.jpg' ,'https://img3.doubanio.com/view/photo/s_ratio_poster/public/p2192535722.webp'
 , 1 );
INSERT INTO Director VALUES (179, '大卫·芬奇', NULL, NULL, NULL);
INSERT INTO Direct VALUES (   1485260 ,  179 );
INSERT INTO Actor VALUES ('凯特·布兰切特', NULL, NULL, NULL, 482);
INSERT INTO Play VALUES (   1485260 ,  482 );
INSERT INTO Actor VALUES ('布拉德·皮特', NULL, NULL, NULL, 483);
INSERT INTO Play VALUES (   1485260 ,  483 );
INSERT INTO Actor VALUES ('朱莉娅·奥蒙德', NULL, NULL, NULL, 484);
INSERT INTO Play VALUES (   1485260 ,  484 );
INSERT INTO Belong VALUES (  1485260,'剧情');
INSERT INTO Belong VALUES (  1485260,'爱情');
INSERT INTO Belong VALUES (  1485260,'奇幻');
INSERT INTO Movie VALUES (   1578507 , '谍影重重3' , 'The Bourne Ultimatum' , '2007' , NULL , 8.7 , 'https://movie.douban.com/subject/1578507/' , 'https://img1.doubanio.com/view/movie_poster_cover/spst/public/p792223507.jpg'    
 , 1 );
INSERT INTO Director VALUES (180, '保罗·格林格拉斯', NULL, NULL, NULL);
INSERT INTO Direct VALUES (   1578507 ,  180 );
INSERT INTO Actor VALUES ('马特·达蒙', NULL, NULL, NULL, 485);
INSERT INTO Play VALUES (   1578507 ,  485 );
INSERT INTO Actor VALUES ('朱丽娅·斯蒂尔斯', NULL, NULL, NULL, 486);
INSERT INTO Play VALUES (   1578507 ,  486 );
INSERT INTO Actor VALUES ('大卫·斯特雷泽恩', NULL, NULL, NULL, 487);
INSERT INTO Play VALUES (   1578507 ,  487 );
INSERT INTO Belong VALUES (  1578507,'动作');
INSERT INTO Belong VALUES (  1578507,'悬疑');
INSERT INTO Belong VALUES (  1578507,'惊悚');
INSERT INTO Movie VALUES (   1652587 , '阿凡达' , 'Avatar' , '2009' , NULL , 8.6 , 'https://movie.douban.com/subject/1652587/' , 'https://img1.doubanio.com/view/photo/s_ratio_poster/public/p492458287.webp'    
 , 1 );
INSERT INTO Director VALUES (181, '詹姆斯·卡梅隆', NULL, NULL, NULL);
INSERT INTO Direct VALUES (   1652587 ,  181 );
INSERT INTO Actor VALUES ('萨姆·沃辛顿', NULL, NULL, NULL, 488);
INSERT INTO Play VALUES (   1652587 ,  488 );
INSERT INTO Actor VALUES ('佐伊·索尔达娜', NULL, NULL, NULL, 489);
INSERT INTO Play VALUES (   1652587 ,  489 );
INSERT INTO Actor VALUES ('西格妮·韦弗', NULL, NULL, NULL, 490);
INSERT INTO Play VALUES (   1652587 ,  490 );
INSERT INTO Belong VALUES (  1652587,'动作');
INSERT INTO Belong VALUES (  1652587,'冒险');
INSERT INTO Belong VALUES (  1652587,'奇幻');
INSERT INTO Movie VALUES (   1760622 , '香水' , 'Perfume: The Story of a Murderer' , '2006' , NULL , 8.4 , 'https://movie.douban.com/subject/1760622/' , 'https://img1.doubanio.com/view/movie_poster_cover/spst/public/p470006658.jpg'    
 , 1 );
INSERT INTO Director VALUES (182, '汤姆·提克威', NULL, NULL, NULL);
INSERT INTO Direct VALUES (   1760622 ,  182 );
INSERT INTO Actor VALUES ('本·卫肖', NULL, NULL, NULL, 491);
INSERT INTO Play VALUES (   1760622 ,  491 );
INSERT INTO Actor VALUES ('艾伦·瑞克曼', NULL, NULL, NULL, 492);
INSERT INTO Play VALUES (   1760622 ,  492 );
INSERT INTO Actor VALUES ('蕾切儿·哈伍德', NULL, NULL, NULL, 493);
INSERT INTO Play VALUES (   1760622 ,  493 );
INSERT INTO Belong VALUES (  1760622,'剧情');
INSERT INTO Belong VALUES (  1760622,'犯罪');
INSERT INTO Belong VALUES (  1760622,'奇幻');
INSERT INTO Movie VALUES (   1780330 , '致命魔术' , 'The Prestige' , '2006' , NULL , 8.8 , 'https://movie.douban.com/subject/1780330/' , 'https://img3.doubanio.com/view/movie_poster_cover/spst/public/p480383375.jpg'    
 , 1 );
INSERT INTO Director VALUES (183, '克里斯托弗·诺兰', NULL, NULL, NULL);
INSERT INTO Direct VALUES (   1780330 ,  183 );
INSERT INTO Actor VALUES ('克里斯蒂安·贝尔', NULL, NULL, NULL, 494);
INSERT INTO Play VALUES (   1780330 ,  494 );
INSERT INTO Actor VALUES ('休·杰克曼', NULL, NULL, NULL, 495);
INSERT INTO Play VALUES (   1780330 ,  495 );
INSERT INTO Actor VALUES ('迈克尔·凯恩', NULL, NULL, NULL, 496);
INSERT INTO Play VALUES (   1780330 ,  496 );
INSERT INTO Belong VALUES (  1780330,'剧情');
INSERT INTO Belong VALUES (  1780330,'悬疑');
INSERT INTO Belong VALUES (  1780330,'惊悚');
INSERT INTO Movie VALUES (   1787291 , '被嫌弃的松子的一生' , '嫌われ松子の一生' , '2006' , NULL , 8.9 , 'https://movie.douban.com/subject/1787291/' , 'https://img1.doubanio.com/view/movie_poster_cover/spst/public/p453723669.jpg'    
 , 1 );
INSERT INTO Director VALUES (184, '中岛哲也', NULL, NULL, NULL);
INSERT INTO Direct VALUES (   1787291 ,  184 );
INSERT INTO Actor VALUES ('中谷美纪', NULL, NULL, NULL, 497);
INSERT INTO Play VALUES (   1787291 ,  497 );
INSERT INTO Actor VALUES ('瑛太', NULL, NULL, NULL, 498);
INSERT INTO Play VALUES (   1787291 ,  498 );
INSERT INTO Actor VALUES ('香川照之', NULL, NULL, NULL, 499);
INSERT INTO Play VALUES (   1787291 ,  499 );
INSERT INTO Belong VALUES (  1787291,'剧情');
INSERT INTO Belong VALUES (  1787291,'歌舞');
INSERT INTO Movie VALUES (   1793929 , '达拉斯买家俱乐部' , 'Dallas Buyers Club' , '2013' , NULL , 8.6 , 'https://movie.douban.com/subject/1793929/' , 'https://img1.doubanio.com/view/movie_poster_cover/spst/public/p2166160837.jpg'    
 , 1 );
INSERT INTO Director VALUES (185, '让-马克·瓦雷', NULL, NULL, NULL);
INSERT INTO Direct VALUES (   1793929 ,  185 );
INSERT INTO Actor VALUES ('马修·麦康纳', NULL, NULL, NULL, 500);
INSERT INTO Play VALUES (   1793929 ,  500 );
INSERT INTO Actor VALUES ('詹妮弗·加纳', NULL, NULL, NULL, 501);
INSERT INTO Play VALUES (   1793929 ,  501 );
INSERT INTO Actor VALUES ('杰瑞德·莱托', NULL, NULL, NULL, 502);
INSERT INTO Play VALUES (   1793929 ,  502 );
INSERT INTO Belong VALUES (  1793929,'剧情');
INSERT INTO Belong VALUES (  1793929,'传记');
INSERT INTO Belong VALUES (  1793929,'同性');
INSERT INTO Movie VALUES (   1849031 , '当幸福来敲门' , 'The Pursuit of Happyness' , '2006' , NULL , 8.9 , 'https://movie.douban.com/subject/1849031/' , 'https://img3.doubanio.com/view/photo/s_ratio_poster/public/p2220721286.webp'   
 , 1 );
INSERT INTO Director VALUES (186, '加布里埃莱·穆奇诺', NULL, NULL, NULL);
INSERT INTO Direct VALUES (   1849031 ,  186 );
INSERT INTO Actor VALUES ('威尔·史密斯', NULL, NULL, NULL, 503);
INSERT INTO Play VALUES (   1849031 ,  503 );
INSERT INTO Actor VALUES ('贾登·史密斯', NULL, NULL, NULL, 504);
INSERT INTO Play VALUES (   1849031 ,  504 );
INSERT INTO Actor VALUES ('坦迪·牛顿', NULL, NULL, NULL, 505);
INSERT INTO Play VALUES (   1849031 ,  505 );
INSERT INTO Belong VALUES (  1849031,'剧情');
INSERT INTO Belong VALUES (  1849031,'传记');
INSERT INTO Belong VALUES (  1849031,'家庭');
INSERT INTO Movie VALUES (   1851857 , '蝙蝠侠：黑暗骑士' , 'The Dark Knight' , '2008' , NULL , 9.0 , 'https://movie.douban.com/subject/1851857/' , 'https://img3.doubanio.com/view/movie_poster_cover/spst/public/p462657443.jpg'    
 , 1 );
INSERT INTO Director VALUES (187, '克里斯托弗·诺兰', NULL, NULL, NULL);
INSERT INTO Direct VALUES (   1851857 ,  187 );
INSERT INTO Actor VALUES ('克里斯蒂安·贝尔', NULL, NULL, NULL, 506);
INSERT INTO Play VALUES (   1851857 ,  506 );
INSERT INTO Actor VALUES ('希斯·莱杰', NULL, NULL, NULL, 507);
INSERT INTO Play VALUES (   1851857 ,  507 );
INSERT INTO Actor VALUES ('艾伦·艾克哈特', NULL, NULL, NULL, 508);
INSERT INTO Play VALUES (   1851857 ,  508 );
INSERT INTO Belong VALUES (  1851857,'剧情');
INSERT INTO Belong VALUES (  1851857,'动作');
INSERT INTO Belong VALUES (  1851857,'科幻');
INSERT INTO Movie VALUES (   1858711 , '玩具总动员3' , 'Toy Story 3' , '2010' , NULL , 8.7 , 'https://movie.douban.com/subject/1858711/' , 'https://img1.doubanio.com/view/movie_poster_cover/spst/public/p1283675359.jpg'    
 , 1 );
INSERT INTO Director VALUES (188, '李·昂克里奇', NULL, NULL, NULL);
INSERT INTO Direct VALUES (   1858711 ,  188 );
INSERT INTO Actor VALUES ('汤姆·汉克斯', NULL, NULL, NULL, 509);
INSERT INTO Play VALUES (   1858711 ,  509 );
INSERT INTO Actor VALUES ('蒂姆·艾伦', NULL, NULL, NULL, 510);
INSERT INTO Play VALUES (   1858711 ,  510 );
INSERT INTO Actor VALUES ('琼·库萨克', NULL, NULL, NULL, 511);
INSERT INTO Play VALUES (   1858711 ,  511 );
INSERT INTO Belong VALUES (  1858711,'喜剧');
INSERT INTO Belong VALUES (  1858711,'动画');
INSERT INTO Belong VALUES (  1858711,'奇幻');
INSERT INTO Movie VALUES (   1862151 , '疯狂的石头' , '疯狂的石头' , '2006' , NULL , 8.2 , 'https://movie.douban.com/subject/1862151/' , 'https://img3.doubanio.com/view/movie_poster_cover/spst/public/p712241453.jpg'    
 , 1 );
INSERT INTO Director VALUES (189, '宁浩', NULL, NULL, NULL);
INSERT INTO Direct VALUES (   1862151 ,  189 );
INSERT INTO Actor VALUES ('郭涛', NULL, NULL, NULL, 512);
INSERT INTO Play VALUES (   1862151 ,  512 );
INSERT INTO Actor VALUES ('刘桦', NULL, NULL, NULL, 513);
INSERT INTO Play VALUES (   1862151 ,  513 );
INSERT INTO Actor VALUES ('连晋', NULL, NULL, NULL, 514);
INSERT INTO Play VALUES (   1862151 ,  514 );
INSERT INTO Belong VALUES (  1862151,'喜剧');
INSERT INTO Belong VALUES (  1862151,'犯罪');
INSERT INTO Movie VALUES (   1865703 , '红辣椒' , 'パプリカ' , '2006' , NULL , 8.8 , 'https://movie.douban.com/subject/1865703/' , 'https://img3.doubanio.com/view/movie_poster_cover/spst/public/p672363704.jpg'    
 , 1 );
INSERT INTO Director VALUES (190, '今敏', NULL, NULL, NULL);
INSERT INTO Direct VALUES (   1865703 ,  190 );
INSERT INTO Actor VALUES ('林原惠美', NULL, NULL, NULL, 515);
INSERT INTO Play VALUES (   1865703 ,  515 );
INSERT INTO Actor VALUES ('古谷彻', NULL, NULL, NULL, 516);
INSERT INTO Play VALUES (   1865703 ,  516 );
INSERT INTO Actor VALUES ('江守彻', NULL, NULL, NULL, 517);
INSERT INTO Play VALUES (   1865703 ,  517 );
INSERT INTO Belong VALUES (  1865703,'动画');
INSERT INTO Belong VALUES (  1865703,'悬疑');
INSERT INTO Belong VALUES (  1865703,'科幻');
INSERT INTO Movie VALUES (   1867345 , '遗愿清单' , 'The Bucket List' , '2007' , NULL , 8.5 , 'https://movie.douban.com/subject/1867345/' , 'https://img3.doubanio.com/view/movie_poster_cover/spst/public/p708613284.jpg'    
 , 1 );
INSERT INTO Director VALUES (191, '罗伯·莱纳', NULL, NULL, NULL);
INSERT INTO Direct VALUES (   1867345 ,  191 );
INSERT INTO Actor VALUES ('杰克·尼科尔森', NULL, NULL, NULL, 518);
INSERT INTO Play VALUES (   1867345 ,  518 );
INSERT INTO Actor VALUES ('摩根·弗里曼', NULL, NULL, NULL, 519);
INSERT INTO Play VALUES (   1867345 ,  519 );
INSERT INTO Actor VALUES ('西恩·海耶斯', NULL, NULL, NULL, 520);
INSERT INTO Play VALUES (   1867345 ,  520 );
INSERT INTO Belong VALUES (  1867345,'冒险');
INSERT INTO Belong VALUES (  1867345,'喜剧');
INSERT INTO Belong VALUES (  1867345,'剧情');
INSERT INTO Movie VALUES (   1889243 , '星际穿越' , 'Interstellar' , '2014' , NULL , 9.1 , 'https://movie.douban.com/subject/1889243/' , 'https://img3.doubanio.com/view/movie_poster_cover/spst/public/p2206088801.jpg'    
 , 1 );
INSERT INTO Director VALUES (192, '克里斯托弗·诺兰', NULL, NULL, NULL);
INSERT INTO Direct VALUES (   1889243 ,  192 );
INSERT INTO Actor VALUES ('马修·麦康纳', NULL, NULL, NULL, 521);
INSERT INTO Play VALUES (   1889243 ,  521 );
INSERT INTO Actor VALUES ('安妮·海瑟薇', NULL, NULL, NULL, 522);
INSERT INTO Play VALUES (   1889243 ,  522 );
INSERT INTO Actor VALUES ('杰西卡·查斯坦', NULL, NULL, NULL, 523);
INSERT INTO Play VALUES (   1889243 ,  523 );
INSERT INTO Belong VALUES (  1889243,'剧情');
INSERT INTO Belong VALUES (  1889243,'科幻');
INSERT INTO Belong VALUES (  1889243,'冒险');
INSERT INTO Movie VALUES (   1900841 , '窃听风暴' , 'Das Leben der Anderen' , '2006' , NULL , 9.1 , 'https://movie.douban.com/subject/1900841/' , 'https://img1.doubanio.com/view/movie_poster_cover/spst/public/p1808872109.jpg'    
 , 1 );
INSERT INTO Director VALUES (193, '弗洛里安·亨克尔·冯·多纳斯马尔克', NULL, NULL, NULL);
INSERT INTO Direct VALUES (   1900841 ,  193 );
INSERT INTO Actor VALUES ('乌尔里希·穆埃', NULL, NULL, NULL, 524);
INSERT INTO Play VALUES (   1900841 ,  524 );
INSERT INTO Actor VALUES ('马蒂娜·格德克', NULL, NULL, NULL, 525);
INSERT INTO Play VALUES (   1900841 ,  525 );
INSERT INTO Actor VALUES ('塞巴斯蒂安·科赫', NULL, NULL, NULL, 526);
INSERT INTO Play VALUES (   1900841 ,  526 );
INSERT INTO Belong VALUES (  1900841,'剧情');
INSERT INTO Belong VALUES (  1900841,'悬疑');
INSERT INTO Movie VALUES (   1905462 , '荒野生存' , 'Into the Wild' , '2007' , NULL , 8.6 , 'https://movie.douban.com/subject/1905462/' , 'https://img1.doubanio.com/view/movie_poster_cover/spst/public/p465687407.jpg'    
 , 1 );
INSERT INTO Director VALUES (194, '西恩·潘', NULL, NULL, NULL);
INSERT INTO Direct VALUES (   1905462 ,  194 );
INSERT INTO Actor VALUES ('埃米尔·赫施', NULL, NULL, NULL, 527);
INSERT INTO Play VALUES (   1905462 ,  527 );
INSERT INTO Actor VALUES ('马西娅·盖伊·哈登', NULL, NULL, NULL, 528);
INSERT INTO Play VALUES (   1905462 ,  528 );
INSERT INTO Actor VALUES ('威廉·赫特', NULL, NULL, NULL, 529);
INSERT INTO Play VALUES (   1905462 ,  529 );
INSERT INTO Belong VALUES (  1905462,'冒险');
INSERT INTO Belong VALUES (  1905462,'传记');
INSERT INTO Belong VALUES (  1905462,'剧情');
INSERT INTO Movie VALUES (   1907966 , '疯狂原始人' , 'The Croods' , '2013' , NULL , 8.7 , 'https://movie.douban.com/subject/1907966/' , 'https://img1.doubanio.com/view/movie_poster_cover/spst/public/p1867084027.jpg'    
 , 1 );
INSERT INTO Director VALUES (195, '柯克·德·米科', NULL, NULL, NULL);
INSERT INTO Direct VALUES (   1907966 ,  195 );
INSERT INTO Director VALUES (196, '克里斯·桑德斯', NULL, NULL, NULL);
INSERT INTO Direct VALUES (   1907966 ,  196 );
INSERT INTO Actor VALUES ('尼古拉斯·凯奇', NULL, NULL, NULL, 530);
INSERT INTO Play VALUES (   1907966 ,  530 );
INSERT INTO Actor VALUES ('瑞恩·雷诺兹', NULL, NULL, NULL, 531);
INSERT INTO Play VALUES (   1907966 ,  531 );
INSERT INTO Actor VALUES ('艾玛·斯通', NULL, NULL, NULL, 532);
INSERT INTO Play VALUES (   1907966 ,  532 );
INSERT INTO Belong VALUES (  1907966,'喜剧');
INSERT INTO Belong VALUES (  1907966,'动画');
INSERT INTO Belong VALUES (  1907966,'冒险');
INSERT INTO Movie VALUES (   1929463 , '少年派的奇幻漂流' , 'Life of Pi' , '2012' , NULL , 9.0 , 'https://movie.douban.com/subject/1929463/' , 'https://img3.doubanio.com/view/movie_poster_cover/spst/public/p1784592701.jpg'    
 , 1 );
INSERT INTO Director VALUES (197, '李安', NULL, NULL, NULL);
INSERT INTO Direct VALUES (   1929463 ,  197 );
INSERT INTO Actor VALUES ('苏拉·沙玛', NULL, NULL, NULL, 533);
INSERT INTO Play VALUES (   1929463 ,  533 );
INSERT INTO Actor VALUES ('拉菲·斯波', NULL, NULL, NULL, 534);
INSERT INTO Play VALUES (   1929463 ,  534 );
INSERT INTO Actor VALUES ('伊尔凡·可汗', NULL, NULL, NULL, 535);
INSERT INTO Play VALUES (   1929463 ,  535 );
INSERT INTO Belong VALUES (  1929463,'剧情');
INSERT INTO Belong VALUES (  1929463,'奇幻');
INSERT INTO Belong VALUES (  1929463,'冒险');
INSERT INTO Movie VALUES (   1937946 , '穿越时空的少女' , '時をかける少女' , '2006' , NULL , 8.6 , 'https://movie.douban.com/subject/1937946/' , 'https://img3.doubanio.com/view/movie_poster_cover/spst/public/p2079334286.jpg'    
 , 1 );
INSERT INTO Director VALUES (198, '细田守', NULL, NULL, NULL);
INSERT INTO Direct VALUES (   1937946 ,  198 );
INSERT INTO Actor VALUES ('仲里依纱', NULL, NULL, NULL, 536);
INSERT INTO Play VALUES (   1937946 ,  536 );
INSERT INTO Actor VALUES ('石田卓也', NULL, NULL, NULL, 537);
INSERT INTO Play VALUES (   1937946 ,  537 );
INSERT INTO Actor VALUES ('板仓光隆', NULL, NULL, NULL, 538);
INSERT INTO Play VALUES (   1937946 ,  538 );
INSERT INTO Belong VALUES (  1937946,'剧情');
INSERT INTO Belong VALUES (  1937946,'爱情');
INSERT INTO Belong VALUES (  1937946,'科幻');
INSERT INTO Movie VALUES (   1959195 , '忠犬八公物语' , 'ハチ公物語' , '1987' , NULL , 9.0 , 'https://movie.douban.com/subject/1959195/' , 'https://img3.doubanio.com/view/movie_poster_cover/spst/public/p2297934945.jpg'    
 , 1 );
INSERT INTO Director VALUES (199, '神山征二郎', NULL, NULL, NULL);
INSERT INTO Direct VALUES (   1959195 ,  199 );
INSERT INTO Actor VALUES ('山本圭', NULL, NULL, NULL, 539);
INSERT INTO Play VALUES (   1959195 ,  539 );
INSERT INTO Actor VALUES ('井川比佐志', NULL, NULL, NULL, 540);
INSERT INTO Play VALUES (   1959195 ,  540 );
INSERT INTO Actor VALUES ('片桐入', NULL, NULL, NULL, 541);
INSERT INTO Play VALUES (   1959195 ,  541 );
INSERT INTO Belong VALUES (  1959195,'剧情');
INSERT INTO Movie VALUES (   1978709 , '黑天鹅' , 'Black Swan' , '2010' , NULL , 8.5 , 'https://movie.douban.com/subject/1978709/' , 'https://img3.doubanio.com/view/movie_poster_cover/spst/public/p719282906.jpg'    
 , 1 );
INSERT INTO Director VALUES (200, '达伦·阿伦诺夫斯基', NULL, NULL, NULL);
INSERT INTO Direct VALUES (   1978709 ,  200 );
INSERT INTO Actor VALUES ('娜塔莉·波特曼', NULL, NULL, NULL, 542);
INSERT INTO Play VALUES (   1978709 ,  542 );
INSERT INTO Actor VALUES ('米拉·库尼斯', NULL, NULL, NULL, 543);
INSERT INTO Play VALUES (   1978709 ,  543 );
INSERT INTO Actor VALUES ('薇诺娜·瑞德', NULL, NULL, NULL, 544);
INSERT INTO Play VALUES (   1978709 ,  544 );
INSERT INTO Belong VALUES (  1978709,'剧情');
INSERT INTO Belong VALUES (  1978709,'惊悚');
INSERT INTO Movie VALUES (   2043546 , '秒速5厘米' , '秒速5センチメートル' , '2007' , NULL , 8.3 , 'https://movie.douban.com/subject/2043546/' , 'https://img3.doubanio.com/view/movie_poster_cover/spst/public/p982896012.jpg'    
 , 1 );
INSERT INTO Director VALUES (201, '新海诚', NULL, NULL, NULL);
INSERT INTO Direct VALUES (   2043546 ,  201 );
INSERT INTO Actor VALUES ('水桥研二', NULL, NULL, NULL, 545);
INSERT INTO Play VALUES (   2043546 ,  545 );
INSERT INTO Actor VALUES ('近藤好美 ', NULL, NULL, NULL, 546);
INSERT INTO Play VALUES (   2043546 ,  546 );
INSERT INTO Actor VALUES ('尾上绫华', NULL, NULL, NULL, 547);
INSERT INTO Play VALUES (   2043546 ,  547 );
INSERT INTO Belong VALUES (  2043546,'动画');
INSERT INTO Belong VALUES (  2043546,'剧情');
INSERT INTO Belong VALUES (  2043546,'爱情');
INSERT INTO Movie VALUES (   2053515 , '曾经' , 'Once' , '2006' , NULL , 8.3 , 'https://movie.douban.com/subject/2053515/' , 'https://img3.doubanio.com/view/movie_poster_cover/spst/public/p2173720203.jpg'    
 , 1 );
INSERT INTO Director VALUES (202, '约翰·卡尼', NULL, NULL, NULL);
INSERT INTO Direct VALUES (   2053515 ,  202 );
INSERT INTO Actor VALUES ('格伦·汉塞德', NULL, NULL, NULL, 548);
INSERT INTO Play VALUES (   2053515 ,  548 );
INSERT INTO Actor VALUES ('玛可塔·伊尔格洛娃', NULL, NULL, NULL, 549);
INSERT INTO Play VALUES (   2053515 ,  549 );
INSERT INTO Actor VALUES ('Alaistair Foley', NULL, NULL, NULL, 550);
INSERT INTO Play VALUES (   2053515 ,  550 );
INSERT INTO Belong VALUES (  2053515,'剧情');
INSERT INTO Belong VALUES (  2053515,'音乐');
INSERT INTO Belong VALUES (  2053515,'爱情');
INSERT INTO Movie VALUES (   2129039 , '飞屋环游记' , 'Up' , '2009' , NULL , 8.9 , 'https://movie.douban.com/subject/2129039/' , 'https://img3.doubanio.com/view/photo/s_ratio_poster/public/p2364094053.webp'    
 , 1 );
INSERT INTO Director VALUES (203, '彼特·道格特', NULL, NULL, NULL);
INSERT INTO Direct VALUES (   2129039 ,  203 );
INSERT INTO Actor VALUES ('爱德华·阿斯纳', NULL, NULL, NULL, 551);
INSERT INTO Play VALUES (   2129039 ,  551 );
INSERT INTO Actor VALUES ('克里斯托弗·普卢默', NULL, NULL, NULL, 552);
INSERT INTO Play VALUES (   2129039 ,  552 );
INSERT INTO Actor VALUES ('乔丹·长井', NULL, NULL, NULL, 553);
INSERT INTO Play VALUES (   2129039 ,  553 );
INSERT INTO Belong VALUES (  2129039,'剧情');
INSERT INTO Belong VALUES (  2129039,'喜剧');
INSERT INTO Belong VALUES (  2129039,'动画');
INSERT INTO Movie VALUES (   2131459 , '机器人总动员' , 'WALL·E' , '2008' , NULL , 9.3 , 'https://movie.douban.com/subject/2131459/' , 'https://img3.doubanio.com/view/photo/s_ratio_poster/public/p1461851991.webp'  
 , 1 );
INSERT INTO Director VALUES (204, '安德鲁·斯坦顿', NULL, NULL, NULL);
INSERT INTO Direct VALUES (   2131459 ,  204 );
INSERT INTO Actor VALUES ('本·贝尔特', NULL, NULL, NULL, 554);
INSERT INTO Play VALUES (   2131459 ,  554 );
INSERT INTO Actor VALUES ('艾丽莎·奈特', NULL, NULL, NULL, 555);
INSERT INTO Play VALUES (   2131459 ,  555 );
INSERT INTO Actor VALUES ('杰夫·格尔林', NULL, NULL, NULL, 556);
INSERT INTO Play VALUES (   2131459 ,  556 );
INSERT INTO Belong VALUES (  2131459,'喜剧');
INSERT INTO Belong VALUES (  2131459,'爱情');
INSERT INTO Belong VALUES (  2131459,'科幻');
INSERT INTO Movie VALUES (   2149806 , '入殓师' , 'おくりびと' , '2008' , NULL , 8.8 , 'https://movie.douban.com/subject/2149806/' , 'https://img1.doubanio.com/view/movie_poster_cover/spst/public/p594972928.jpg'    
 , 1 );
INSERT INTO Director VALUES (205, '泷田洋二郎', NULL, NULL, NULL);
INSERT INTO Direct VALUES (   2149806 ,  205 );
INSERT INTO Actor VALUES ('本木雅弘', NULL, NULL, NULL, 557);
INSERT INTO Play VALUES (   2149806 ,  557 );
INSERT INTO Actor VALUES ('广末凉子', NULL, NULL, NULL, 558);
INSERT INTO Play VALUES (   2149806 ,  558 );
INSERT INTO Actor VALUES ('山崎努', NULL, NULL, NULL, 559);
INSERT INTO Play VALUES (   2149806 ,  559 );
INSERT INTO Belong VALUES (  2149806,'剧情');
INSERT INTO Movie VALUES (   2209573 , '贫民窟的百万富翁' , 'Slumdog Millionaire' , '2008' , NULL , 8.5 , 'https://movie.douban.com/subject/2209573/' , 'https://img3.doubanio.com/view/photo/s_ratio_poster/public/p2434249040.webp'    
 , 1 );
INSERT INTO Director VALUES (206, '丹尼·博伊尔', NULL, NULL, NULL);
INSERT INTO Direct VALUES (   2209573 ,  206 );
INSERT INTO Director VALUES (207, '洛芙琳·坦丹', NULL, NULL, NULL);
INSERT INTO Direct VALUES (   2209573 ,  207 );
INSERT INTO Actor VALUES ('戴夫·帕特尔', NULL, NULL, NULL, 560);
INSERT INTO Play VALUES (   2209573 ,  560 );
INSERT INTO Actor VALUES ('芙蕾达·平托', NULL, NULL, NULL, 561);
INSERT INTO Play VALUES (   2209573 ,  561 );
INSERT INTO Actor VALUES ('亚尼·卡普', NULL, NULL, NULL, 562);
INSERT INTO Play VALUES (   2209573 ,  562 );
INSERT INTO Belong VALUES (  2209573,'剧情');
INSERT INTO Belong VALUES (  2209573,'爱情');
INSERT INTO Movie VALUES (   2213597 , '朗读者' , 'The Reader' , '2008' , NULL , 8.5 , 'https://movie.douban.com/subject/2213597/' , 'https://img1.doubanio.com/view/movie_poster_cover/spst/public/p1140984198.jpg'    
 , 1 );
INSERT INTO Director VALUES (208, '史蒂芬·戴德利', NULL, NULL, NULL);
INSERT INTO Direct VALUES (   2213597 ,  208 );
INSERT INTO Actor VALUES ('凯特·温丝莱特', NULL, NULL, NULL, 563);
INSERT INTO Play VALUES (   2213597 ,  563 );
INSERT INTO Actor VALUES ('拉尔夫·费因斯', NULL, NULL, NULL, 564);
INSERT INTO Play VALUES (   2213597 ,  564 );
INSERT INTO Actor VALUES ('大卫·克劳斯', NULL, NULL, NULL, 565);
INSERT INTO Play VALUES (   2213597 ,  565 );
INSERT INTO Belong VALUES (  2213597,'剧情');
INSERT INTO Belong VALUES (  2213597,'爱情');
INSERT INTO Movie VALUES (   2297265 , '浪潮' , 'Die Welle' , '2008' , NULL , 8.7 , 'https://movie.douban.com/subject/2297265/' , 'https://img3.doubanio.com/view/movie_poster_cover/spst/public/p1344888983.jpg'    
 , 1 );
INSERT INTO Director VALUES (209, '丹尼斯·甘塞尔', NULL, NULL, NULL);
INSERT INTO Direct VALUES (   2297265 ,  209 );
INSERT INTO Actor VALUES ('于尔根·福格尔', NULL, NULL, NULL, 566);
INSERT INTO Play VALUES (   2297265 ,  566 );
INSERT INTO Actor VALUES ('弗雷德里克·劳', NULL, NULL, NULL, 567);
INSERT INTO Play VALUES (   2297265 ,  567 );
INSERT INTO Actor VALUES ('马克思·雷迈特', NULL, NULL, NULL, 568);
INSERT INTO Play VALUES (   2297265 ,  568 );
INSERT INTO Belong VALUES (  2297265,'剧情');
INSERT INTO Belong VALUES (  2297265,'惊悚');
INSERT INTO Movie VALUES (   2300586 , '这个男人来自地球' , 'The Man from Earth' , '2007' , NULL , 8.5 , 'https://movie.douban.com/subject/2300586/' , 'https://img3.doubanio.com/view/movie_poster_cover/spst/public/p513303986.jpg'    
 , 1 );
INSERT INTO Director VALUES (210, '理查德·沙因克曼', NULL, NULL, NULL);
INSERT INTO Direct VALUES (   2300586 ,  210 );
INSERT INTO Actor VALUES ('大卫·李·史密斯', NULL, NULL, NULL, 569);
INSERT INTO Play VALUES (   2300586 ,  569 );
INSERT INTO Actor VALUES ('托尼·托德', NULL, NULL, NULL, 570);
INSERT INTO Play VALUES (   2300586 ,  570 );
INSERT INTO Actor VALUES ('约翰·比灵斯列', NULL, NULL, NULL, 571);
INSERT INTO Play VALUES (   2300586 ,  571 );
INSERT INTO Belong VALUES (  2300586,'剧情');
INSERT INTO Belong VALUES (  2300586,'科幻');
INSERT INTO Movie VALUES (   2334904 , '禁闭岛' , 'Shutter Island' , '2010' , NULL , 8.6 , 'https://movie.douban.com/subject/2334904/' , 'https://img1.doubanio.com/view/movie_poster_cover/spst/public/p1832875827.jpg'    
 , 1 );
INSERT INTO Director VALUES (211, '马丁·斯科塞斯', NULL, NULL, NULL);
INSERT INTO Direct VALUES (   2334904 ,  211 );
INSERT INTO Actor VALUES ('莱昂纳多·迪卡普里奥', NULL, NULL, NULL, 572);
INSERT INTO Play VALUES (   2334904 ,  572 );
INSERT INTO Actor VALUES ('马克·鲁弗洛', NULL, NULL, NULL, 573);
INSERT INTO Play VALUES (   2334904 ,  573 );
INSERT INTO Actor VALUES ('本·金斯利', NULL, NULL, NULL, 574);
INSERT INTO Play VALUES (   2334904 ,  574 );
INSERT INTO Belong VALUES (  2334904,'剧情');
INSERT INTO Belong VALUES (  2334904,'悬疑');
INSERT INTO Belong VALUES (  2334904,'惊悚');
INSERT INTO Movie VALUES (   2353023 , '驯龙高手' , 'How to Train Your Dragon' , '2010' , NULL , 8.7 , 'https://movie.douban.com/subject/2353023/' , 'https://img1.doubanio.com/view/movie_poster_cover/spst/public/p450042258.jpg'    
 , 1 );
INSERT INTO Director VALUES (212, '迪恩·德布洛斯', NULL, NULL, NULL);
INSERT INTO Direct VALUES (   2353023 ,  212 );
INSERT INTO Director VALUES (213, '克里斯·桑德斯', NULL, NULL, NULL);
INSERT INTO Direct VALUES (   2353023 ,  213 );
INSERT INTO Actor VALUES ('杰伊·巴鲁切尔', NULL, NULL, NULL, 575);
INSERT INTO Play VALUES (   2353023 ,  575 );
INSERT INTO Actor VALUES ('杰拉德·巴特勒', NULL, NULL, NULL, 576);
INSERT INTO Play VALUES (   2353023 ,  576 );
INSERT INTO Actor VALUES ('克雷格·费格森', NULL, NULL, NULL, 577);
INSERT INTO Play VALUES (   2353023 ,  577 );
INSERT INTO Belong VALUES (  2353023,'喜剧');
INSERT INTO Belong VALUES (  2353023,'动画');
INSERT INTO Belong VALUES (  2353023,'奇幻');
INSERT INTO Movie VALUES (   2363506 , '地球上的星星' , 'Taare Zameen Par' , '2007' , NULL , 8.8 , 'https://movie.douban.com/subject/2363506/' , 'https://img3.doubanio.com/view/movie_poster_cover/spst/public/p1973489335.jpg'    
 , 1 );
INSERT INTO Director VALUES (214, '阿米尔·汗', NULL, NULL, NULL);
INSERT INTO Direct VALUES (   2363506 ,  214 );
INSERT INTO Actor VALUES ('达席尔·萨法瑞', NULL, NULL, NULL, 578);
INSERT INTO Play VALUES (   2363506 ,  578 );
INSERT INTO Actor VALUES ('阿米尔·汗', NULL, NULL, NULL, 579);
INSERT INTO Play VALUES (   2363506 ,  579 );
INSERT INTO Actor VALUES ('塔奈·切赫达', NULL, NULL, NULL, 580);
INSERT INTO Play VALUES (   2363506 ,  580 );
INSERT INTO Belong VALUES (  2363506,'剧情');
INSERT INTO Belong VALUES (  2363506,'儿童');
INSERT INTO Belong VALUES (  2363506,'家庭');
INSERT INTO Movie VALUES (   2365260 , '爱在暹罗' , '???????????' , '2007' , NULL , 8.3 , 'https://movie.douban.com/subject/2365260/' , 'https://img1.doubanio.com/view/movie_poster_cover/spst/public/p1024585648.jpg'    
 , 1 );
INSERT INTO Director VALUES (215, '楚克?萨克瑞科', NULL, NULL, NULL);
INSERT INTO Direct VALUES (   2365260 ,  215 );
INSERT INTO Actor VALUES ('维特维斯特·海伦亚沃恩酷', NULL, NULL, NULL, 581);
INSERT INTO Play VALUES (   2365260 ,  581 );
INSERT INTO Actor VALUES ('马里奥·毛瑞尔', NULL, NULL, NULL, 582);
INSERT INTO Play VALUES (   2365260 ,  582 );
INSERT INTO Actor VALUES ('赖拉·邦雅淑', NULL, NULL, NULL, 583);
INSERT INTO Play VALUES (   2365260 ,  583 );
INSERT INTO Belong VALUES (  2365260,'剧情');
INSERT INTO Belong VALUES (  2365260,'爱情');
INSERT INTO Belong VALUES (  2365260,'同性');
INSERT INTO Movie VALUES (   3007773 , '海盗电台' , 'The Boat That Rocked' , '2009' , NULL , 8.6 , 'https://movie.douban.com/subject/3007773/' , 'https://img3.doubanio.com/view/movie_poster_cover/spst/public/p769608791.jpg'    
 , 1 );
INSERT INTO Director VALUES (216, '理查德·柯蒂斯', NULL, NULL, NULL);
INSERT INTO Direct VALUES (   3007773 ,  216 );
INSERT INTO Actor VALUES ('比尔·奈伊', NULL, NULL, NULL, 584);
INSERT INTO Play VALUES (   3007773 ,  584 );
INSERT INTO Actor VALUES ('肯尼思·布拉纳', NULL, NULL, NULL, 585);
INSERT INTO Play VALUES (   3007773 ,  585 );
INSERT INTO Actor VALUES ('菲利普·塞默·霍夫曼', NULL, NULL, NULL, 586);
INSERT INTO Play VALUES (   3007773 ,  586 );
INSERT INTO Belong VALUES (  3007773,'剧情');
INSERT INTO Belong VALUES (  3007773,'喜剧');
INSERT INTO Belong VALUES (  3007773,'音乐');
INSERT INTO Movie VALUES (   3008247 , '穿条纹睡衣的男孩' , 'The Boy in the Striped Pajamas' , '2008' , NULL , 8.8 , 'https://movie.douban.com/subject/3008247/' , 'https://img3.doubanio.com/view/movie_poster_cover/spst/public/p1473670352.jpg'    
 , 1 );
INSERT INTO Director VALUES (217, '马克·赫尔曼', NULL, NULL, NULL);
INSERT INTO Direct VALUES (   3008247 ,  217 );
INSERT INTO Actor VALUES ('阿萨·巴特菲尔德', NULL, NULL, NULL, 587);
INSERT INTO Play VALUES (   3008247 ,  587 );
INSERT INTO Actor VALUES ('维拉·法米加', NULL, NULL, NULL, 588);
INSERT INTO Play VALUES (   3008247 ,  588 );
INSERT INTO Actor VALUES ('大卫·休里斯', NULL, NULL, NULL, 589);
INSERT INTO Play VALUES (   3008247 ,  589 );
INSERT INTO Belong VALUES (  3008247,'剧情');
INSERT INTO Belong VALUES (  3008247,'战争');
INSERT INTO Movie VALUES (   3011051 , '恐怖游轮' , 'Triangle' , '2009' , NULL , 8.3 , 'https://movie.douban.com/subject/3011051/' , 'https://img3.doubanio.com/view/movie_poster_cover/spst/public/p462470694.jpg'    
 , 1 );
INSERT INTO Director VALUES (218, '克里斯托弗·史密斯', NULL, NULL, NULL);
INSERT INTO Direct VALUES (   3011051 ,  218 );
INSERT INTO Actor VALUES ('梅利莎·乔治', NULL, NULL, NULL, 590);
INSERT INTO Play VALUES (   3011051 ,  590 );
INSERT INTO Actor VALUES ('利亚姆·海姆斯沃斯', NULL, NULL, NULL, 591);
INSERT INTO Play VALUES (   3011051 ,  591 );
INSERT INTO Actor VALUES ('迈克尔·多曼', NULL, NULL, NULL, 592);
INSERT INTO Play VALUES (   3011051 ,  592 );
INSERT INTO Belong VALUES (  3011051,'剧情');
INSERT INTO Belong VALUES (  3011051,'悬疑');
INSERT INTO Belong VALUES (  3011051,'惊悚');
INSERT INTO Movie VALUES (   3011091 , '忠犬八公的故事' , 'Hachi: A Dog/s Tale' , '2009' , NULL , 9.2 , 'https://movie.douban.com/subject/3011091/' , 'https://img3.doubanio.com/view/movie_poster_cover/spst/public/p524964016.jpg'    
 , 1 );
INSERT INTO Director VALUES (219, '拉斯·霍尔斯道姆', NULL, NULL, NULL);
INSERT INTO Direct VALUES (   3011091 ,  219 );
INSERT INTO Actor VALUES ('理查·基尔', NULL, NULL, NULL, 593);
INSERT INTO Play VALUES (   3011091 ,  593 );
INSERT INTO Actor VALUES ('萨拉·罗默尔', NULL, NULL, NULL, 594);
INSERT INTO Play VALUES (   3011091 ,  594 );
INSERT INTO Actor VALUES ('琼·艾伦', NULL, NULL, NULL, 595);
INSERT INTO Play VALUES (   3011091 ,  595 );
INSERT INTO Belong VALUES (  3011091,'剧情');
INSERT INTO Movie VALUES (   3011235 , '哈利·波特与死亡圣器h(下   ' , 'Harry Potter and the Deathly Hallows: Part 2' , '2011' , NULL , 8.6 , 'https://movie.douban.com/subject/3011235/' , 'https://img3.doubanio.com/view/movie_poster_cover/spst/public/p917846733.jpg'    
 , 1 );
INSERT INTO Director VALUES (220, '大卫·叶茨', NULL, NULL, NULL);
INSERT INTO Direct VALUES (   3011235 ,  220 );
INSERT INTO Actor VALUES ('丹尼尔·雷德克里夫', NULL, NULL, NULL, 596);
INSERT INTO Play VALUES (   3011235 ,  596 );
INSERT INTO Actor VALUES ('艾玛·沃森', NULL, NULL, NULL, 597);
INSERT INTO Play VALUES (   3011235 ,  597 );
INSERT INTO Actor VALUES ('鲁伯特·格林特', NULL, NULL, NULL, 598);
INSERT INTO Play VALUES (   3011235 ,  598 );
INSERT INTO Belong VALUES (  3011235,'剧情');
INSERT INTO Belong VALUES (  3011235,'悬疑');
INSERT INTO Belong VALUES (  3011235,'奇幻');
INSERT INTO Movie VALUES (   3072124 , '玛丽和马克思' , 'Mary and Max' , '2009' , NULL , 8.9 , 'https://movie.douban.com/subject/3072124/' , 'https://img1.doubanio.com/view/movie_poster_cover/spst/public/p1820615077.jpg'    
 , 1 );
INSERT INTO Director VALUES (221, '亚当·艾略特', NULL, NULL, NULL);
INSERT INTO Direct VALUES (   3072124 ,  221 );
INSERT INTO Actor VALUES ('托妮·科莱特', NULL, NULL, NULL, 599);
INSERT INTO Play VALUES (   3072124 ,  599 );
INSERT INTO Actor VALUES ('菲利普·塞默·霍夫曼', NULL, NULL, NULL, 600);
INSERT INTO Play VALUES (   3072124 ,  600 );
INSERT INTO Actor VALUES ('艾瑞克·巴纳', NULL, NULL, NULL, 601);
INSERT INTO Play VALUES (   3072124 ,  601 );
INSERT INTO Belong VALUES (  3072124,'剧情');
INSERT INTO Belong VALUES (  3072124,'爱情');
INSERT INTO Belong VALUES (  3072124,'动画');
INSERT INTO Movie VALUES (   3073124 , '月球' , 'Moon' , '2009' , NULL , 8.5 , 'https://movie.douban.com/subject/3073124/' , 'https://img3.doubanio.com/view/movie_poster_cover/spst/public/p449399746.jpg'    
 , 1 );
INSERT INTO Director VALUES (222, '邓肯·琼斯', NULL, NULL, NULL);
INSERT INTO Direct VALUES (   3073124 ,  222 );
INSERT INTO Actor VALUES ('山姆·洛克威尔', NULL, NULL, NULL, 602);
INSERT INTO Play VALUES (   3073124 ,  602 );
INSERT INTO Actor VALUES ('凯文·史派西', NULL, NULL, NULL, 603);
INSERT INTO Play VALUES (   3073124 ,  603 );
INSERT INTO Actor VALUES ('多米妮克·麦克艾丽戈特', NULL, NULL, NULL, 604);
INSERT INTO Play VALUES (   3073124 ,  604 );
INSERT INTO Belong VALUES (  3073124,'剧情');
INSERT INTO Belong VALUES (  3073124,'科幻');
INSERT INTO Belong VALUES (  3073124,'悬疑');
INSERT INTO Movie VALUES (   3075287 , '源代码' , 'Source Code' , '2011' , NULL , 8.3 , 'https://movie.douban.com/subject/3075287/' , 'https://img3.doubanio.com/view/movie_poster_cover/spst/public/p988260245.jpg'    
 , 1 );
INSERT INTO Director VALUES (223, '邓肯·琼斯', NULL, NULL, NULL);
INSERT INTO Direct VALUES (   3075287 ,  223 );
INSERT INTO Actor VALUES ('杰克·吉伦哈尔', NULL, NULL, NULL, 605);
INSERT INTO Play VALUES (   3075287 ,  605 );
INSERT INTO Actor VALUES ('维拉·法米加', NULL, NULL, NULL, 606);
INSERT INTO Play VALUES (   3075287 ,  606 );
INSERT INTO Actor VALUES ('米歇尔·莫纳汉', NULL, NULL, NULL, 607);
INSERT INTO Play VALUES (   3075287 ,  607 );
INSERT INTO Belong VALUES (  3075287,'剧情');
INSERT INTO Belong VALUES (  3075287,'动作');
INSERT INTO Belong VALUES (  3075287,'科幻');
INSERT INTO Movie VALUES (   3157605 , '巴黎淘气帮' , 'Le petit Nicolas' , '2009' , NULL , 8.6 , 'https://movie.douban.com/subject/3157605/' , 'https://img1.doubanio.com/view/movie_poster_cover/spst/public/p465446537.jpg'    
 , 1 );
INSERT INTO Director VALUES (224, '洛朗·蒂拉尔', NULL, NULL, NULL);
INSERT INTO Direct VALUES (   3157605 ,  224 );
INSERT INTO Actor VALUES ('马克西姆·戈达尔', NULL, NULL, NULL, 608);
INSERT INTO Play VALUES (   3157605 ,  608 );
INSERT INTO Actor VALUES ('瓦莱丽·勒梅西埃', NULL, NULL, NULL, 609);
INSERT INTO Play VALUES (   3157605 ,  609 );
INSERT INTO Actor VALUES ('凯德·麦拉德', NULL, NULL, NULL, 610);
INSERT INTO Play VALUES (   3157605 ,  610 );
INSERT INTO Belong VALUES (  3157605,'儿童');
INSERT INTO Belong VALUES (  3157605,'喜剧');
INSERT INTO Belong VALUES (  3157605,'家庭');
INSERT INTO Movie VALUES (   3217169 , '勇士' , 'Warrior' , '2011' , NULL , 8.9 , 'https://movie.douban.com/subject/3217169/' , 'https://img3.doubanio.com/view/movie_poster_cover/spst/public/p1145536386.jpg'    
 , 1 );
INSERT INTO Director VALUES (225, '加文·欧康诺', NULL, NULL, NULL);
INSERT INTO Direct VALUES (   3217169 ,  225 );
INSERT INTO Actor VALUES ('汤姆·哈迪', NULL, NULL, NULL, 611);
INSERT INTO Play VALUES (   3217169 ,  611 );
INSERT INTO Actor VALUES ('乔尔·埃哲顿', NULL, NULL, NULL, 612);
INSERT INTO Play VALUES (   3217169 ,  612 );
INSERT INTO Actor VALUES ('尼克·诺特', NULL, NULL, NULL, 613);
INSERT INTO Play VALUES (   3217169 ,  613 );
INSERT INTO Belong VALUES (  3217169,'剧情');
INSERT INTO Category VALUES ('运动' , NULL);
INSERT INTO Belong VALUES (  3217169,'运动');
INSERT INTO Belong VALUES (  3217169,'家庭');
INSERT INTO Movie VALUES (   3287562 , '神偷奶爸' , 'Despicable Me' , '2010' , NULL , 8.5 , 'https://movie.douban.com/subject/3287562/' , 'https://img1.doubanio.com/view/movie_poster_cover/spst/public/p792776858.jpg'    
 , 1 );
INSERT INTO Director VALUES (226, '皮埃尔·科凡', NULL, NULL, NULL);
INSERT INTO Direct VALUES (   3287562 ,  226 );
INSERT INTO Director VALUES (227, '克里斯·雷纳德', NULL, NULL, NULL);
INSERT INTO Direct VALUES (   3287562 ,  227 );
INSERT INTO Actor VALUES ('史蒂夫·卡瑞尔', NULL, NULL, NULL, 614);
INSERT INTO Play VALUES (   3287562 ,  614 );
INSERT INTO Actor VALUES ('杰森·席格尔', NULL, NULL, NULL, 615);
INSERT INTO Play VALUES (   3287562 ,  615 );
INSERT INTO Actor VALUES ('拉塞尔·布兰德', NULL, NULL, NULL, 616);
INSERT INTO Play VALUES (   3287562 ,  616 );
INSERT INTO Belong VALUES (  3287562,'喜剧');
INSERT INTO Belong VALUES (  3287562,'动画');
INSERT INTO Belong VALUES (  3287562,'冒险');
INSERT INTO Movie VALUES (   3319755 , '怦然心动' , 'Flipped' , '2010' , NULL , 8.9 , 'https://movie.douban.com/subject/3319755/' , 'https://img3.doubanio.com/view/movie_poster_cover/spst/public/p663036666.jpg'    
 , 1 );
INSERT INTO Director VALUES (228, '罗伯·莱纳', NULL, NULL, NULL);
INSERT INTO Direct VALUES (   3319755 ,  228 );
INSERT INTO Actor VALUES ('玛德琳·卡罗尔', NULL, NULL, NULL, 617);
INSERT INTO Play VALUES (   3319755 ,  617 );
INSERT INTO Actor VALUES ('卡兰·麦克奥利菲', NULL, NULL, NULL, 618);
INSERT INTO Play VALUES (   3319755 ,  618 );
INSERT INTO Actor VALUES ('瑞贝卡·德·莫妮', NULL, NULL, NULL, 619);
INSERT INTO Play VALUES (   3319755 ,  619 );
INSERT INTO Belong VALUES (  3319755,'剧情');
INSERT INTO Belong VALUES (  3319755,'喜剧');
INSERT INTO Belong VALUES (  3319755,'爱情');
INSERT INTO Movie VALUES (   3395373 , '蝙蝠侠：黑暗骑士崛起' , 'The Dark Knight Rises' , '2012' , NULL , 8.5 , 'https://movie.douban.com/subject/3395373/' , 'https://img3.doubanio.com/view/movie_poster_cover/spst/public/p1706428744.jpg'    
 , 1 );
INSERT INTO Director VALUES (229, '克里斯托弗·诺兰', NULL, NULL, NULL);
INSERT INTO Direct VALUES (   3395373 ,  229 );
INSERT INTO Actor VALUES ('克里斯蒂安·贝尔', NULL, NULL, NULL, 620);
INSERT INTO Play VALUES (   3395373 ,  620 );
INSERT INTO Actor VALUES ('汤姆·哈迪', NULL, NULL, NULL, 621);
INSERT INTO Play VALUES (   3395373 ,  621 );
INSERT INTO Actor VALUES ('安妮·海瑟薇', NULL, NULL, NULL, 622);
INSERT INTO Play VALUES (   3395373 ,  622 );
INSERT INTO Belong VALUES (  3395373,'剧情');
INSERT INTO Belong VALUES (  3395373,'动作');
INSERT INTO Belong VALUES (  3395373,'科幻');
INSERT INTO Movie VALUES (   3442220 , '海豚湾' , 'The Cove' , '2009' , NULL , 9.3 , 'https://movie.douban.com/subject/3442220/' , 'https://img3.doubanio.com/view/movie_poster_cover/spst/public/p455222172.jpg'    
 , 1 );
INSERT INTO Director VALUES (230, '路易·西霍尤斯', NULL, NULL, NULL);
INSERT INTO Direct VALUES (   3442220 ,  230 );
INSERT INTO Actor VALUES ('John Chisholm', NULL, NULL, NULL, 623);
INSERT INTO Play VALUES (   3442220 ,  623 );
INSERT INTO Actor VALUES ('Mandy-Rae Cruikshank', NULL, NULL, NULL, 624);
INSERT INTO Play VALUES (   3442220 ,  624 );
INSERT INTO Actor VALUES ('Charles Hambleton', NULL, NULL, NULL, 625);
INSERT INTO Play VALUES (   3442220 ,  625 );
INSERT INTO Belong VALUES (  3442220,'纪录片');
INSERT INTO Movie VALUES (   3443389 , '海洋' , 'Océans' , '2009' , NULL , 9.0 , 'https://movie.douban.com/subject/3443389/' , 'https://img3.doubanio.com/view/movie_poster_cover/spst/public/p497010372.jpg'    
 , 1 );
INSERT INTO Director VALUES (231, '雅克·贝汉', NULL, NULL, NULL);
INSERT INTO Direct VALUES (   3443389 ,  231 );
INSERT INTO Actor VALUES ('雅克·克鲁奥德', NULL, NULL, NULL, 626);
INSERT INTO Play VALUES (   3443389 ,  626 );
INSERT INTO Belong VALUES (  3443389,'纪录片');
INSERT INTO Movie VALUES (   3541415 , '盗梦空间' , 'Inception' , '2010' , NULL , 9.2 , 'https://movie.douban.com/subject/3541415/' , 'https://img3.doubanio.com/view/movie_poster_cover/spst/public/p513344864.jpg'    
 , 1 );
INSERT INTO Director VALUES (232, '克里斯托弗·诺兰', NULL, NULL, NULL);
INSERT INTO Direct VALUES (   3541415 ,  232 );
INSERT INTO Actor VALUES ('莱昂纳多·迪卡普里奥', NULL, NULL, NULL, 627);
INSERT INTO Play VALUES (   3541415 ,  627 );
INSERT INTO Actor VALUES ('约瑟夫·高登-莱维特', NULL, NULL, NULL, 628);
INSERT INTO Play VALUES (   3541415 ,  628 );
INSERT INTO Actor VALUES ('艾伦·佩吉', NULL, NULL, NULL, 629);
INSERT INTO Play VALUES (   3541415 ,  629 );
INSERT INTO Belong VALUES (  3541415,'剧情');
INSERT INTO Belong VALUES (  3541415,'动作');
INSERT INTO Belong VALUES (  3541415,'科幻');
INSERT INTO Movie VALUES (   3742360 , '让子弹飞' , '让子弹飞' , '2010' , NULL , 8.7 , 'https://movie.douban.com/subject/3742360/' , 'https://img1.doubanio.com/view/movie_poster_cover/spst/public/p1512562287.jpg'    
 , 1 );
INSERT INTO Director VALUES (233, '姜文', NULL, NULL, NULL);
INSERT INTO Direct VALUES (   3742360 ,  233 );
INSERT INTO Actor VALUES ('姜文', NULL, NULL, NULL, 630);
INSERT INTO Play VALUES (   3742360 ,  630 );
INSERT INTO Actor VALUES ('葛优', NULL, NULL, NULL, 631);
INSERT INTO Play VALUES (   3742360 ,  631 );
INSERT INTO Actor VALUES ('周润发', NULL, NULL, NULL, 632);
INSERT INTO Play VALUES (   3742360 ,  632 );
INSERT INTO Belong VALUES (  3742360,'剧情');
INSERT INTO Belong VALUES (  3742360,'喜剧');
INSERT INTO Belong VALUES (  3742360,'动作');
INSERT INTO Movie VALUES (   3792799 , '岁月神偷' , '歲月神偷' , '2010' , NULL , 8.6 , 'https://movie.douban.com/subject/3792799/' , 'https://img3.doubanio.com/view/movie_poster_cover/spst/public/p456666151.jpg'    
 , 1 );
INSERT INTO Director VALUES (234, '罗启锐', NULL, NULL, NULL);
INSERT INTO Direct VALUES (   3792799 ,  234 );
INSERT INTO Actor VALUES ('吴君如', NULL, NULL, NULL, 633);
INSERT INTO Play VALUES (   3792799 ,  633 );
INSERT INTO Actor VALUES ('任达华', NULL, NULL, NULL, 634);
INSERT INTO Play VALUES (   3792799 ,  634 );
INSERT INTO Actor VALUES ('钟绍图', NULL, NULL, NULL, 635);
INSERT INTO Play VALUES (   3792799 ,  635 );
INSERT INTO Belong VALUES (  3792799,'剧情');
INSERT INTO Belong VALUES (  3792799,'家庭');
INSERT INTO Movie VALUES (   3793023 , '三傻大闹宝莱坞' , '3 Idiots' , '2009' , NULL , 9.1 , 'https://movie.douban.com/subject/3793023/' , 'https://img3.doubanio.com/view/movie_poster_cover/spst/public/p579729551.jpg'    
 , 1 );
INSERT INTO Director VALUES (235, '拉吉库马尔·希拉尼', NULL, NULL, NULL);
INSERT INTO Direct VALUES (   3793023 ,  235 );
INSERT INTO Actor VALUES ('阿米尔·汗', NULL, NULL, NULL, 636);
INSERT INTO Play VALUES (   3793023 ,  636 );
INSERT INTO Actor VALUES ('卡琳娜·卡普尔', NULL, NULL, NULL, 637);
INSERT INTO Play VALUES (   3793023 ,  637 );
INSERT INTO Actor VALUES ('马达范', NULL, NULL, NULL, 638);
INSERT INTO Play VALUES (   3793023 ,  638 );
INSERT INTO Belong VALUES (  3793023,'剧情');
INSERT INTO Belong VALUES (  3793023,'喜剧');
INSERT INTO Belong VALUES (  3793023,'爱情');
INSERT INTO Movie VALUES (   4023638 , '国王的演讲' , 'The King/s Speech' , '2010' , NULL , 8.3 , 'https://movie.douban.com/subject/4023638/' , 'https://img1.doubanio.com/view/movie_poster_cover/spst/public/p768879237.jpg'    
 , 1 );
INSERT INTO Director VALUES (236, '汤姆·霍珀', NULL, NULL, NULL);
INSERT INTO Direct VALUES (   4023638 ,  236 );
INSERT INTO Actor VALUES ('科林·费尔斯', NULL, NULL, NULL, 639);
INSERT INTO Play VALUES (   4023638 ,  639 );
INSERT INTO Actor VALUES ('杰弗里·拉什', NULL, NULL, NULL, 640);
INSERT INTO Play VALUES (   4023638 ,  640 );
INSERT INTO Actor VALUES ('海伦娜·伯翰·卡特', NULL, NULL, NULL, 641);
INSERT INTO Play VALUES (   4023638 ,  641 );
INSERT INTO Belong VALUES (  4023638,'剧情');
INSERT INTO Belong VALUES (  4023638,'传记');
INSERT INTO Belong VALUES (  4023638,'历史');
INSERT INTO Movie VALUES (   4202302 , '借东西的小人阿莉埃蒂' , '借りぐらしのアリエッティ' , '2010' , NULL , 8.7 , 'https://movie.douban.com/subject/4202302/' , 'https://img3.doubanio.com/view/movie_poster_cover/spst/public/p617533616.jpg'    
 , 1 );
INSERT INTO Director VALUES (237, '米林宏昌', NULL, NULL, NULL);
INSERT INTO Direct VALUES (   4202302 ,  237 );
INSERT INTO Actor VALUES ('志田未来', NULL, NULL, NULL, 642);
INSERT INTO Play VALUES (   4202302 ,  642 );
INSERT INTO Actor VALUES ('神木隆之介', NULL, NULL, NULL, 643);
INSERT INTO Play VALUES (   4202302 ,  643 );
INSERT INTO Actor VALUES ('三浦友和', NULL, NULL, NULL, 644);
INSERT INTO Play VALUES (   4202302 ,  644 );
INSERT INTO Belong VALUES (  4202302,'动画');
INSERT INTO Belong VALUES (  4202302,'奇幻');
INSERT INTO Belong VALUES (  4202302,'冒险');
INSERT INTO Movie VALUES (   4268598 , '告白' , '告白' , '2010' , NULL , 8.7 , 'https://movie.douban.com/subject/4268598/' , 'https://img3.doubanio.com/view/movie_poster_cover/spst/public/p689520756.jpg'    
 , 1 );
INSERT INTO Director VALUES (238, '中岛哲也', NULL, NULL, NULL);
INSERT INTO Direct VALUES (   4268598 ,  238 );
INSERT INTO Actor VALUES ('松隆子', NULL, NULL, NULL, 645);
INSERT INTO Play VALUES (   4268598 ,  645 );
INSERT INTO Actor VALUES ('冈田将生', NULL, NULL, NULL, 646);
INSERT INTO Play VALUES (   4268598 ,  646 );
INSERT INTO Actor VALUES ('木村佳乃', NULL, NULL, NULL, 647);
INSERT INTO Play VALUES (   4268598 ,  647 );
INSERT INTO Belong VALUES (  4268598,'剧情');
INSERT INTO Belong VALUES (  4268598,'惊悚');
INSERT INTO Movie VALUES (   4739952 , '初恋这件小事' , '???????????????????????...???' , '2010' , NULL , 8.2 , 'https://movie.douban.com/subject/4739952/' , 'https://img3.doubanio.com/view/movie_poster_cover/spst/public/p1505312273.jpg'    
 , 1 );
INSERT INTO Director VALUES (239, '普特鹏·普罗萨卡·那·萨克那卡林', NULL, NULL, NULL);
INSERT INTO Direct VALUES (   4739952 ,  239 );
INSERT INTO Director VALUES (240, '华森·波克彭', NULL, NULL, NULL);
INSERT INTO Direct VALUES (   4739952 ,  240 );
INSERT INTO Actor VALUES ('马里奥·毛瑞尔', NULL, NULL, NULL, 648);
INSERT INTO Play VALUES (   4739952 ,  648 );
INSERT INTO Actor VALUES ('平采娜·乐维瑟派布恩', NULL, NULL, NULL, 649);
INSERT INTO Play VALUES (   4739952 ,  649 );
INSERT INTO Actor VALUES ('苏达拉·布查蓬', NULL, NULL, NULL, 650);
INSERT INTO Play VALUES (   4739952 ,  650 );
INSERT INTO Belong VALUES (  4739952,'喜剧');
INSERT INTO Belong VALUES (  4739952,'爱情');
INSERT INTO Movie VALUES (   4798888 , '叫我第一名' , 'Front of the Class' , '2008' , NULL , 8.6 , 'https://movie.douban.com/subject/4798888/' , 'https://img1.doubanio.com/view/photo/s_ratio_poster/public/p628364149.webp'    
 , 1 );
INSERT INTO Director VALUES (241, '彼得·维纳', NULL, NULL, NULL);
INSERT INTO Direct VALUES (   4798888 ,  241 );
INSERT INTO Actor VALUES ('詹姆斯·沃克', NULL, NULL, NULL, 651);
INSERT INTO Play VALUES (   4798888 ,  651 );
INSERT INTO Actor VALUES ('特里特·威廉斯', NULL, NULL, NULL, 652);
INSERT INTO Play VALUES (   4798888 ,  652 );
INSERT INTO Actor VALUES ('多米尼克·斯科特·凯伊', NULL, NULL, NULL, 653);
INSERT INTO Play VALUES (   4798888 ,  653 );
INSERT INTO Belong VALUES (  4798888,'剧情');
INSERT INTO Belong VALUES (  4798888,'传记');
INSERT INTO Movie VALUES (   4917726 , '阳光姐妹淘' , '??' , '2011' , NULL , 8.8 , 'https://movie.douban.com/subject/4917726/' , 'https://img1.doubanio.com/view/movie_poster_cover/spst/public/p1374786017.jpg'    
 , 1 );
INSERT INTO Director VALUES (242, '姜炯哲', NULL, NULL, NULL);
INSERT INTO Direct VALUES (   4917726 ,  242 );
INSERT INTO Actor VALUES ('沈恩京', NULL, NULL, NULL, 654);
INSERT INTO Play VALUES (   4917726 ,  654 );
INSERT INTO Actor VALUES ('闵孝琳', NULL, NULL, NULL, 655);
INSERT INTO Play VALUES (   4917726 ,  655 );
INSERT INTO Actor VALUES ('姜素拉', NULL, NULL, NULL, 656);
INSERT INTO Play VALUES (   4917726 ,  656 );
INSERT INTO Belong VALUES (  4917726,'剧情');
INSERT INTO Belong VALUES (  4917726,'喜剧');
INSERT INTO Movie VALUES (   5322596 , '超脱' , 'Detachment' , '2011' , NULL , 8.8 , 'https://movie.douban.com/subject/5322596/' , 'https://img3.doubanio.com/view/movie_poster_cover/spst/public/p1305562621.jpg'    
 , 1 );
INSERT INTO Director VALUES (243, '托尼·凯耶', NULL, NULL, NULL);
INSERT INTO Direct VALUES (   5322596 ,  243 );
INSERT INTO Actor VALUES ('艾德里安·布洛迪', NULL, NULL, NULL, 657);
INSERT INTO Play VALUES (   5322596 ,  657 );
INSERT INTO Actor VALUES ('克里斯蒂娜·亨德里克斯', NULL, NULL, NULL, 658);
INSERT INTO Play VALUES (   5322596 ,  658 );
INSERT INTO Actor VALUES ('詹姆斯·肯恩', NULL, NULL, NULL, 659);
INSERT INTO Play VALUES (   5322596 ,  659 );
INSERT INTO Belong VALUES (  5322596,'剧情');
INSERT INTO Movie VALUES (   5908478 , '我爱你' , '??? ?????' , '2011' , NULL , 9.0 , 'https://movie.douban.com/subject/5908478/' , 'https://img1.doubanio.com/view/movie_poster_cover/spst/public/p1075591188.jpg'    
 , 1 );
INSERT INTO Director VALUES (244, '秋昌旼', NULL, NULL, NULL);
INSERT INTO Direct VALUES (   5908478 ,  244 );
INSERT INTO Actor VALUES ('宋在浩', NULL, NULL, NULL, 660);
INSERT INTO Play VALUES (   5908478 ,  660 );
INSERT INTO Actor VALUES ('李顺载', NULL, NULL, NULL, 661);
INSERT INTO Play VALUES (   5908478 ,  661 );
INSERT INTO Actor VALUES ('尹秀晶', NULL, NULL, NULL, 662);
INSERT INTO Play VALUES (   5908478 ,  662 );
INSERT INTO Belong VALUES (  5908478,'剧情');
INSERT INTO Belong VALUES (  5908478,'爱情');
INSERT INTO Movie VALUES (   5912992 , '熔炉' , '???' , '2011' , NULL , 9.2 , 'https://movie.douban.com/subject/5912992/' , 'https://img3.doubanio.com/view/movie_poster_cover/spst/public/p1363250216.jpg'    
 , 1 );
INSERT INTO Director VALUES (245, '黄东赫', NULL, NULL, NULL);
INSERT INTO Direct VALUES (   5912992 ,  245 );
INSERT INTO Actor VALUES ('孔侑', NULL, NULL, NULL, 663);
INSERT INTO Play VALUES (   5912992 ,  663 );
INSERT INTO Actor VALUES ('郑有美', NULL, NULL, NULL, 664);
INSERT INTO Play VALUES (   5912992 ,  664 );
INSERT INTO Actor VALUES ('金志英', NULL, NULL, NULL, 665);
INSERT INTO Play VALUES (   5912992 ,  665 );
INSERT INTO Belong VALUES (  5912992,'剧情');
INSERT INTO Movie VALUES (   5964718 , '一次别离' , '????? ???? ?? ?????' , '2011' , NULL , 8.7 , 'https://movie.douban.com/subject/5964718/' , 'https://img3.doubanio.com/view/movie_poster_cover/spst/public/p2189835254.jpg'    
 , 1 );
INSERT INTO Director VALUES (246, '阿斯哈·法哈蒂', NULL, NULL, NULL);
INSERT INTO Direct VALUES (   5964718 ,  246 );
INSERT INTO Actor VALUES ('佩曼·莫阿迪', NULL, NULL, NULL, 666);
INSERT INTO Play VALUES (   5964718 ,  666 );
INSERT INTO Actor VALUES ('蕾拉·哈塔米', NULL, NULL, NULL, 667);
INSERT INTO Play VALUES (   5964718 ,  667 );
INSERT INTO Actor VALUES ('萨瑞·巴亚特', NULL, NULL, NULL, 668);
INSERT INTO Play VALUES (   5964718 ,  668 );
INSERT INTO Belong VALUES (  5964718,'剧情');
INSERT INTO Belong VALUES (  5964718,'家庭');
INSERT INTO Movie VALUES (   5989818 , '萤火之森' , '蛍火の杜へ' , '2011' , NULL , 8.7 , 'https://movie.douban.com/subject/5989818/' , 'https://img1.doubanio.com/view/movie_poster_cover/spst/public/p1272904657.jpg'    
 , 1 );
INSERT INTO Director VALUES (247, '大森贵弘', NULL, NULL, NULL);
INSERT INTO Direct VALUES (   5989818 ,  247 );
INSERT INTO Actor VALUES ('佐仓绫音', NULL, NULL, NULL, 669);
INSERT INTO Play VALUES (   5989818 ,  669 );
INSERT INTO Actor VALUES ('内山昂辉', NULL, NULL, NULL, 670);
INSERT INTO Play VALUES (   5989818 ,  670 );
INSERT INTO Belong VALUES (  5989818,'剧情');
INSERT INTO Belong VALUES (  5989818,'爱情');
INSERT INTO Belong VALUES (  5989818,'动画');
INSERT INTO Movie VALUES (   6146955 , '寿司之神' , 'Jiro Dreams of Sushi' , '2011' , NULL , 8.8 , 'https://movie.douban.com/subject/6146955/' , 'https://img3.doubanio.com/view/movie_poster_cover/spst/public/p1528763106.jpg'    
 , 1 );
INSERT INTO Director VALUES (248, '大卫·贾柏', NULL, NULL, NULL);
INSERT INTO Direct VALUES (   6146955 ,  248 );
INSERT INTO Actor VALUES ('小野二郎 ', NULL, NULL, NULL, 671);
INSERT INTO Play VALUES (   6146955 ,  671 );
INSERT INTO Actor VALUES ('小野祯一', NULL, NULL, NULL, 672);
INSERT INTO Play VALUES (   6146955 ,  672 );
INSERT INTO Actor VALUES ('小野隆', NULL, NULL, NULL, 673);
INSERT INTO Play VALUES (   6146955 ,  673 );
INSERT INTO Belong VALUES (  6146955,'纪录片');
INSERT INTO Movie VALUES (   6307447 , '被解救的姜戈' , 'Django Unchained' , '2012' , NULL , 8.5 , 'https://movie.douban.com/subject/6307447/' , 'https://img1.doubanio.com/view/movie_poster_cover/spst/public/p1959232369.jpg'    
 , 1 );
INSERT INTO Director VALUES (249, '昆汀·塔伦蒂诺', NULL, NULL, NULL);
INSERT INTO Direct VALUES (   6307447 ,  249 );
INSERT INTO Actor VALUES ('杰米·福克斯', NULL, NULL, NULL, 674);
INSERT INTO Play VALUES (   6307447 ,  674 );
INSERT INTO Actor VALUES ('莱昂纳多·迪卡普里奥', NULL, NULL, NULL, 675);
INSERT INTO Play VALUES (   6307447 ,  675 );
INSERT INTO Actor VALUES ('克里斯托弗·瓦尔茨', NULL, NULL, NULL, 676);
INSERT INTO Play VALUES (   6307447 ,  676 );
INSERT INTO Belong VALUES (  6307447,'剧情');
INSERT INTO Belong VALUES (  6307447,'动作');
INSERT INTO Belong VALUES (  6307447,'西部');
INSERT INTO Movie VALUES (   6534248 , '无敌破坏王' , 'Wreck-It Ralph' , '2012' , NULL , 8.6 , 'https://movie.douban.com/subject/6534248/' , 'https://img3.doubanio.com/view/movie_poster_cover/spst/public/p1735642656.jpg'    
 , 1 );
INSERT INTO Director VALUES (250, '瑞奇·摩尔', NULL, NULL, NULL);
INSERT INTO Direct VALUES (   6534248 ,  250 );
INSERT INTO Actor VALUES ('简·林奇', NULL, NULL, NULL, 677);
INSERT INTO Play VALUES (   6534248 ,  677 );
INSERT INTO Actor VALUES ('约翰·C·赖利', NULL, NULL, NULL, 678);
INSERT INTO Play VALUES (   6534248 ,  678 );
INSERT INTO Actor VALUES ('萨拉·西尔弗曼', NULL, NULL, NULL, 679);
INSERT INTO Play VALUES (   6534248 ,  679 );
INSERT INTO Belong VALUES (  6534248,'喜剧');
INSERT INTO Belong VALUES (  6534248,'动画');
INSERT INTO Belong VALUES (  6534248,'冒险');
INSERT INTO Movie VALUES (   6786002 , '触不可及' , 'Intouchables' , '2011' , NULL , 9.1 , 'https://movie.douban.com/subject/6786002/' , 'https://img3.doubanio.com/view/movie_poster_cover/spst/public/p1454261925.jpg'    
 , 1 );
INSERT INTO Director VALUES (251, '奥利维埃·纳卡什', NULL, NULL, NULL);
INSERT INTO Direct VALUES (   6786002 ,  251 );
INSERT INTO Director VALUES (252, '埃里克·托莱达诺', NULL, NULL, NULL);
INSERT INTO Direct VALUES (   6786002 ,  252 );
INSERT INTO Actor VALUES ('弗朗索瓦·克鲁塞', NULL, NULL, NULL, 680);
INSERT INTO Play VALUES (   6786002 ,  680 );
INSERT INTO Actor VALUES ('奥玛·希', NULL, NULL, NULL, 681);
INSERT INTO Play VALUES (   6786002 ,  681 );
INSERT INTO Actor VALUES ('安娜·勒尼', NULL, NULL, NULL, 682);
INSERT INTO Play VALUES (   6786002 ,  682 );
INSERT INTO Belong VALUES (  6786002,'剧情');
INSERT INTO Belong VALUES (  6786002,'喜剧');
INSERT INTO Movie VALUES (   6874403 , '再次出发之纽约遇见你' , 'Begin Again' , '2013' , NULL , 8.5 , 'https://movie.douban.com/subject/6874403/' , 'https://img3.doubanio.com/view/movie_poster_cover/spst/public/p2250287733.jpg'    
 , 1 );
INSERT INTO Director VALUES (253, '约翰·卡尼', NULL, NULL, NULL);
INSERT INTO Direct VALUES (   6874403 ,  253 );
INSERT INTO Actor VALUES ('凯拉·奈特莉', NULL, NULL, NULL, 683);
INSERT INTO Play VALUES (   6874403 ,  683 );
INSERT INTO Actor VALUES ('马克·鲁弗洛', NULL, NULL, NULL, 684);
INSERT INTO Play VALUES (   6874403 ,  684 );
INSERT INTO Actor VALUES ('詹姆斯·柯登', NULL, NULL, NULL, 685);
INSERT INTO Play VALUES (   6874403 ,  685 );
INSERT INTO Belong VALUES (  6874403,'喜剧');
INSERT INTO Belong VALUES (  6874403,'爱情');
INSERT INTO Belong VALUES (  6874403,'音乐');
INSERT INTO Movie VALUES (   6985810 , '狩猎' , 'Jagten' , '2012' , NULL , 9.0 , 'https://movie.douban.com/subject/6985810/' , 'https://img1.doubanio.com/view/movie_poster_cover/spst/public/p1546987967.jpg'    
 , 1 );
INSERT INTO Director VALUES (254, '托马斯·温特伯格', NULL, NULL, NULL);
INSERT INTO Direct VALUES (   6985810 ,  254 );
INSERT INTO Actor VALUES ('麦斯·米科尔森', NULL, NULL, NULL, 686);
INSERT INTO Play VALUES (   6985810 ,  686 );
INSERT INTO Actor VALUES ('托玛斯·博·拉森', NULL, NULL, NULL, 687);
INSERT INTO Play VALUES (   6985810 ,  687 );
INSERT INTO Actor VALUES ('安妮卡·韦德科普', NULL, NULL, NULL, 688);
INSERT INTO Play VALUES (   6985810 ,  688 );
INSERT INTO Belong VALUES (  6985810,'剧情');
INSERT INTO Movie VALUES (   10463953 , '模仿游戏' , 'The Imitation Game' , '2014' , NULL , 8.5 , 'https://movie.douban.com/subject/10463953/' , 'https://img3.doubanio.com/view/movie_poster_cover/spst/public/p2255040492.jpg'    
 , 1 );
INSERT INTO Director VALUES (255, '莫滕·泰杜姆', NULL, NULL, NULL);
INSERT INTO Direct VALUES (   10463953 ,  255 );
INSERT INTO Actor VALUES ('本尼迪克特·康伯巴奇', NULL, NULL, NULL, 689);
INSERT INTO Play VALUES (   10463953 ,  689 );
INSERT INTO Actor VALUES ('凯拉·奈特莉', NULL, NULL, NULL, 690);
INSERT INTO Play VALUES (   10463953 ,  690 );
INSERT INTO Actor VALUES ('马修·古迪', NULL, NULL, NULL, 691);
INSERT INTO Play VALUES (   10463953 ,  691 );
INSERT INTO Belong VALUES (  10463953,'剧情');
INSERT INTO Belong VALUES (  10463953,'传记');
INSERT INTO Belong VALUES (  10463953,'战争');
INSERT INTO Movie VALUES (   10533913 , '头脑特工队' , 'Inside Out' , '2015' , NULL , 8.7 , 'https://movie.douban.com/subject/10533913/' , 'https://img3.doubanio.com/view/photo/s_ratio_poster/public/p2266293606.webp'    
 , 1 );
INSERT INTO Director VALUES (256, '彼特·道格特', NULL, NULL, NULL);
INSERT INTO Direct VALUES (   10533913 ,  256 );
INSERT INTO Director VALUES (257, '罗纳尔多·德尔·卡门', NULL, NULL, NULL);
INSERT INTO Direct VALUES (   10533913 ,  257 );
INSERT INTO Actor VALUES ('艾米·波勒', NULL, NULL, NULL, 692);
INSERT INTO Play VALUES (   10533913 ,  692 );
INSERT INTO Actor VALUES ('菲利丝·史密斯', NULL, NULL, NULL, 693);
INSERT INTO Play VALUES (   10533913 ,  693 );
INSERT INTO Actor VALUES ('理查德·坎德', NULL, NULL, NULL, 694);
INSERT INTO Play VALUES (   10533913 ,  694 );
INSERT INTO Belong VALUES (  10533913,'喜剧');
INSERT INTO Belong VALUES (  10533913,'动画');
INSERT INTO Belong VALUES (  10533913,'冒险');
INSERT INTO Movie VALUES (   10577869 , '时空恋旅人' , 'About Time' , '2013' , NULL , 8.6 , 'https://movie.douban.com/subject/10577869/' , 'https://img3.doubanio.com/view/movie_poster_cover/spst/public/p2070153774.jpg'    
 , 1 );
INSERT INTO Director VALUES (258, '理查德·柯蒂斯', NULL, NULL, NULL);
INSERT INTO Direct VALUES (   10577869 ,  258 );
INSERT INTO Actor VALUES ('多姆纳尔·格里森', NULL, NULL, NULL, 695);
INSERT INTO Play VALUES (   10577869 ,  695 );
INSERT INTO Actor VALUES ('瑞秋·麦克亚当斯', NULL, NULL, NULL, 696);
INSERT INTO Play VALUES (   10577869 ,  696 );
INSERT INTO Actor VALUES ('比尔·奈伊', NULL, NULL, NULL, 697);
INSERT INTO Play VALUES (   10577869 ,  697 );
INSERT INTO Belong VALUES (  10577869,'剧情');
INSERT INTO Belong VALUES (  10577869,'爱情');
INSERT INTO Belong VALUES (  10577869,'奇幻');
INSERT INTO Movie VALUES (   10777687 , '7号房的礼物' , '7??? ??' , '2013' , NULL , 8.6 , 'https://movie.douban.com/subject/10777687/' , 'https://img3.doubanio.com/view/movie_poster_cover/spst/public/p1816276065.jpg'    
 , 1 );
INSERT INTO Director VALUES (259, '李焕庆', NULL, NULL, NULL);
INSERT INTO Direct VALUES (   10777687 ,  259 );
INSERT INTO Actor VALUES ('柳承龙', NULL, NULL, NULL, 698);
INSERT INTO Play VALUES (   10777687 ,  698 );
INSERT INTO Actor VALUES ('朴信惠', NULL, NULL, NULL, 699);
INSERT INTO Play VALUES (   10777687 ,  699 );
INSERT INTO Actor VALUES ('郑镇荣', NULL, NULL, NULL, 700);
INSERT INTO Play VALUES (   10777687 ,  700 );
INSERT INTO Belong VALUES (  10777687,'剧情');
INSERT INTO Belong VALUES (  10777687,'喜剧');
INSERT INTO Belong VALUES (  10777687,'家庭');
INSERT INTO Movie VALUES (   10808442 , '爱在午夜降临前' , 'Before Midnight' , '2013' , NULL , 8.7 , 'https://movie.douban.com/subject/10808442/' , 'https://img1.doubanio.com/view/photo/s_ratio_poster/public/p2074715729.webp'    
 , 1 );
INSERT INTO Director VALUES (260, '理查德·林克莱特', NULL, NULL, NULL);
INSERT INTO Direct VALUES (   10808442 ,  260 );
INSERT INTO Actor VALUES ('伊桑·霍克', NULL, NULL, NULL, 701);
INSERT INTO Play VALUES (   10808442 ,  701 );
INSERT INTO Actor VALUES ('朱莉·德尔佩', NULL, NULL, NULL, 702);
INSERT INTO Play VALUES (   10808442 ,  702 );
INSERT INTO Actor VALUES ('肖姆斯·戴维-菲茨帕特里克', NULL, NULL, NULL, 703);
INSERT INTO Play VALUES (   10808442 ,  703 );
INSERT INTO Belong VALUES (  10808442,'剧情');
INSERT INTO Belong VALUES (  10808442,'爱情');
INSERT INTO Movie VALUES (   11026735 , '超能陆战队' , 'Big Hero 6' , '2014' , NULL , 8.6 , 'https://movie.douban.com/subject/11026735/' , 'https://img1.doubanio.com/view/movie_poster_cover/spst/public/p2224568669.jpg'    
 , 1 );
INSERT INTO Director VALUES (261, '唐·霍尔', NULL, NULL, NULL);
INSERT INTO Direct VALUES (   11026735 ,  261 );
INSERT INTO Director VALUES (262, '克里斯·威廉姆斯', NULL, NULL, NULL);
INSERT INTO Direct VALUES (   11026735 ,  262 );
INSERT INTO Actor VALUES ('斯科特·安第斯', NULL, NULL, NULL, 704);
INSERT INTO Play VALUES (   11026735 ,  704 );
INSERT INTO Actor VALUES ('瑞恩·波特', NULL, NULL, NULL, 705);
INSERT INTO Play VALUES (   11026735 ,  705 );
INSERT INTO Actor VALUES ('丹尼尔·海尼', NULL, NULL, NULL, 706);
INSERT INTO Play VALUES (   11026735 ,  706 );
INSERT INTO Belong VALUES (  11026735,'喜剧');
INSERT INTO Belong VALUES (  11026735,'动作');
INSERT INTO Belong VALUES (  11026735,'科幻');
INSERT INTO Movie VALUES (   11525673 , '布达佩斯大饭店' , 'The Grand Budapest Hotel' , '2014' , NULL , 8.7 , 'https://movie.douban.com/subject/11525673/' , 'https://img3.doubanio.com/view/movie_poster_cover/spst/public/p2178872593.jpg'    
 , 1 );
INSERT INTO Director VALUES (263, '韦斯·安德森', NULL, NULL, NULL);
INSERT INTO Direct VALUES (   11525673 ,  263 );
INSERT INTO Actor VALUES ('拉尔夫·费因斯', NULL, NULL, NULL, 707);
INSERT INTO Play VALUES (   11525673 ,  707 );
INSERT INTO Actor VALUES ('托尼·雷沃罗利', NULL, NULL, NULL, 708);
INSERT INTO Play VALUES (   11525673 ,  708 );
INSERT INTO Actor VALUES ('艾德里安·布洛迪', NULL, NULL, NULL, 709);
INSERT INTO Play VALUES (   11525673 ,  709 );
INSERT INTO Belong VALUES (  11525673,'剧情');
INSERT INTO Belong VALUES (  11525673,'喜剧');
INSERT INTO Movie VALUES (   21318488 , '消失的爱人' , 'Gone Girl' , '2014' , NULL , 8.7 , 'https://movie.douban.com/subject/21318488/' , 'https://img3.doubanio.com/view/movie_poster_cover/spst/public/p2221768894.jpg'    
 , 1 );
INSERT INTO Director VALUES (264, '大卫·芬奇', NULL, NULL, NULL);
INSERT INTO Direct VALUES (   21318488 ,  264 );
INSERT INTO Actor VALUES ('本·阿弗莱克', NULL, NULL, NULL, 710);
INSERT INTO Play VALUES (   21318488 ,  710 );
INSERT INTO Actor VALUES ('裴淳华', NULL, NULL, NULL, 711);
INSERT INTO Play VALUES (   21318488 ,  711 );
INSERT INTO Actor VALUES ('尼尔·帕特里克·哈里斯', NULL, NULL, NULL, 712);
INSERT INTO Play VALUES (   21318488 ,  712 );
INSERT INTO Belong VALUES (  21318488,'剧情');
INSERT INTO Belong VALUES (  21318488,'犯罪');
INSERT INTO Belong VALUES (  21318488,'悬疑');
INSERT INTO Movie VALUES (   21360417 , '恐怖直播' , '? ?? ???' , '2013' , NULL , 8.7 , 'https://movie.douban.com/subject/21360417/' , 'https://img3.doubanio.com/view/movie_poster_cover/spst/public/p2016930906.jpg'    
 , 1 );
INSERT INTO Director VALUES (265, '金秉祐', NULL, NULL, NULL);
INSERT INTO Direct VALUES (   21360417 ,  265 );
INSERT INTO Actor VALUES ('河正宇', NULL, NULL, NULL, 713);
INSERT INTO Play VALUES (   21360417 ,  713 );
INSERT INTO Actor VALUES ('李璟荣', NULL, NULL, NULL, 714);
INSERT INTO Play VALUES (   21360417 ,  714 );
INSERT INTO Actor VALUES ('全慧珍', NULL, NULL, NULL, 715);
INSERT INTO Play VALUES (   21360417 ,  715 );
INSERT INTO Belong VALUES (  21360417,'剧情');
INSERT INTO Belong VALUES (  21360417,'犯罪');
INSERT INTO Belong VALUES (  21360417,'悬疑');
INSERT INTO Movie VALUES (   21937445 , '辩护人' , '???' , '2013' , NULL , 9.1 , 'https://movie.douban.com/subject/21937445/' , 'https://img3.doubanio.com/view/movie_poster_cover/spst/public/p2158166535.jpg'    
 , 1 );
INSERT INTO Director VALUES (266, '杨宇硕', NULL, NULL, NULL);
INSERT INTO Direct VALUES (   21937445 ,  266 );
INSERT INTO Actor VALUES ('宋康昊', NULL, NULL, NULL, 716);
INSERT INTO Play VALUES (   21937445 ,  716 );
INSERT INTO Actor VALUES ('吴达洙', NULL, NULL, NULL, 717);
INSERT INTO Play VALUES (   21937445 ,  717 );
INSERT INTO Actor VALUES ('金英爱', NULL, NULL, NULL, 718);
INSERT INTO Play VALUES (   21937445 ,  718 );
INSERT INTO Belong VALUES (  21937445,'剧情');
INSERT INTO Movie VALUES (   21937452 , '素媛' , '??' , '2013' , NULL , 9.1 , 'https://movie.douban.com/subject/21937452/' , 'https://img3.doubanio.com/view/movie_poster_cover/spst/public/p2118532944.jpg'    
 , 1 );
INSERT INTO Director VALUES (267, '李濬益', NULL, NULL, NULL);
INSERT INTO Direct VALUES (   21937452 ,  267 );
INSERT INTO Actor VALUES ('薛耿求', NULL, NULL, NULL, 719);
INSERT INTO Play VALUES (   21937452 ,  719 );
INSERT INTO Actor VALUES ('严志媛', NULL, NULL, NULL, 720);
INSERT INTO Play VALUES (   21937452 ,  720 );
INSERT INTO Actor VALUES ('李来', NULL, NULL, NULL, 721);
INSERT INTO Play VALUES (   21937452 ,  721 );
INSERT INTO Belong VALUES (  21937452,'剧情');
INSERT INTO Belong VALUES (  21937452,'家庭');
INSERT INTO Movie VALUES (   24750126 , '荒蛮故事' , 'Relatos salvajes' , '2014' , NULL , 8.7 , 'https://movie.douban.com/subject/24750126/' , 'https://img3.doubanio.com/view/movie_poster_cover/spst/public/p2192834364.jpg'    
 , 1 );
INSERT INTO Director VALUES (268, '达米安·斯兹弗隆', NULL, NULL, NULL);
INSERT INTO Direct VALUES (   24750126 ,  268 );
INSERT INTO Actor VALUES ('达里奥·格兰迪内蒂', NULL, NULL, NULL, 722);
INSERT INTO Play VALUES (   24750126 ,  722 );
INSERT INTO Actor VALUES ('玛丽娅·玛努尔', NULL, NULL, NULL, 723);
INSERT INTO Play VALUES (   24750126 ,  723 );
INSERT INTO Actor VALUES ('莫妮卡·比利亚', NULL, NULL, NULL, 724);
INSERT INTO Play VALUES (   24750126 ,  724 );
INSERT INTO Belong VALUES (  24750126,'剧情');
INSERT INTO Belong VALUES (  24750126,'喜剧');
INSERT INTO Belong VALUES (  24750126,'犯罪');
INSERT INTO Movie VALUES (   25662329 , '疯狂动物城' , 'Zootopia' , '2016' , NULL , 9.2 , 'https://movie.douban.com/subject/25662329/' , 'https://img1.doubanio.com/view/movie_poster_cover/spst/public/p2315672647.jpg'    
 , 1 );
INSERT INTO Director VALUES (269, '拜伦·霍华德', NULL, NULL, NULL);
INSERT INTO Direct VALUES (   25662329 ,  269 );
INSERT INTO Director VALUES (270, '瑞奇·摩尔', NULL, NULL, NULL);
INSERT INTO Direct VALUES (   25662329 ,  270 );
INSERT INTO Director VALUES (271, '杰拉德·布什', NULL, NULL, NULL);
INSERT INTO Direct VALUES (   25662329 ,  271 );
INSERT INTO Actor VALUES ('金妮弗·古德温', NULL, NULL, NULL, 725);
INSERT INTO Play VALUES (   25662329 ,  725 );
INSERT INTO Actor VALUES ('杰森·贝特曼', NULL, NULL, NULL, 726);
INSERT INTO Play VALUES (   25662329 ,  726 );
INSERT INTO Actor VALUES ('伊德里斯·艾尔巴', NULL, NULL, NULL, 727);
INSERT INTO Play VALUES (   25662329 ,  727 );
INSERT INTO Belong VALUES (  25662329,'喜剧');
INSERT INTO Belong VALUES (  25662329,'动作');
INSERT INTO Belong VALUES (  25662329,'动画');
INSERT INTO Movie VALUES (   25724855 , '房间' , 'Room' , '2015' , NULL , 8.8 , 'https://movie.douban.com/subject/25724855/' , 'https://img3.doubanio.com/view/movie_poster_cover/spst/public/p2259715855.jpg'    
 , 1 );
INSERT INTO Director VALUES (272, '伦尼·阿伯拉罕森', NULL, NULL, NULL);
INSERT INTO Direct VALUES (   25724855 ,  272 );
INSERT INTO Actor VALUES ('布丽·拉尔森', NULL, NULL, NULL, 728);
INSERT INTO Play VALUES (   25724855 ,  728 );
INSERT INTO Actor VALUES ('雅各布·特伦布莱', NULL, NULL, NULL, 729);
INSERT INTO Play VALUES (   25724855 ,  729 );
INSERT INTO Actor VALUES ('琼·艾伦', NULL, NULL, NULL, 730);
INSERT INTO Play VALUES (   25724855 ,  730 );
INSERT INTO Belong VALUES (  25724855,'剧情');
INSERT INTO Belong VALUES (  25724855,'家庭');
INSERT INTO Movie VALUES (   25773932 , '爆裂鼓手' , 'Whiplash' , '2014' , NULL , 8.6 , 'https://movie.douban.com/subject/25773932/' , 'https://img3.doubanio.com/view/movie_poster_cover/spst/public/p2220776342.jpg'    
 , 1 );
INSERT INTO Director VALUES (273, '达米恩·查泽雷', NULL, NULL, NULL);
INSERT INTO Direct VALUES (   25773932 ,  273 );
INSERT INTO Actor VALUES ('迈尔斯·特勒', NULL, NULL, NULL, 731);
INSERT INTO Play VALUES (   25773932 ,  731 );
INSERT INTO Actor VALUES ('J·K·西蒙斯', NULL, NULL, NULL, 732);
INSERT INTO Play VALUES (   25773932 ,  732 );
INSERT INTO Actor VALUES ('保罗·雷瑟', NULL, NULL, NULL, 733);
INSERT INTO Play VALUES (   25773932 ,  733 );
INSERT INTO Belong VALUES (  25773932,'剧情');
INSERT INTO Belong VALUES (  25773932,'音乐');
INSERT INTO Movie VALUES (   25807345 , '彗星来的那一夜' , 'Coherence' , '2013' , NULL , 8.4 , 'https://movie.douban.com/subject/25807345/' , 'https://img3.doubanio.com/view/movie_poster_cover/spst/public/p2187896711.jpg'    
 , 1 );
INSERT INTO Director VALUES (274, '詹姆斯·沃德·布柯特', NULL, NULL, NULL);
INSERT INTO Direct VALUES (   25807345 ,  274 );
INSERT INTO Actor VALUES ('艾米丽·芭尔多尼', NULL, NULL, NULL, 734);
INSERT INTO Play VALUES (   25807345 ,  734 );
INSERT INTO Actor VALUES ('莫瑞·史特林', NULL, NULL, NULL, 735);
INSERT INTO Play VALUES (   25807345 ,  735 );
INSERT INTO Actor VALUES ('尼古拉斯·布兰登', NULL, NULL, NULL, 736);
INSERT INTO Play VALUES (   25807345 ,  736 );
INSERT INTO Belong VALUES (  25807345,'科幻');
INSERT INTO Belong VALUES (  25807345,'悬疑');
INSERT INTO Belong VALUES (  25807345,'惊悚');
INSERT INTO Movie VALUES (   25814705 , '小森林 夏秋篇' , 'リトル?フォレスト 夏?秋' , '2014' , NULL , 8.9 , 'https://movie.douban.com/subject/25814705/' , 'https://img3.doubanio.com/view/movie_poster_cover/spst/public/p2221319641.jpg'    
 , 1 );
INSERT INTO Director VALUES (275, '森淳一', NULL, NULL, NULL);
INSERT INTO Direct VALUES (   25814705 ,  275 );
INSERT INTO Actor VALUES ('桥本爱', NULL, NULL, NULL, 737);
INSERT INTO Play VALUES (   25814705 ,  737 );
INSERT INTO Actor VALUES ('三浦贵大', NULL, NULL, NULL, 738);
INSERT INTO Play VALUES (   25814705 ,  738 );
INSERT INTO Actor VALUES ('松冈茉优', NULL, NULL, NULL, 739);
INSERT INTO Play VALUES (   25814705 ,  739 );
INSERT INTO Belong VALUES (  25814705,'剧情');
INSERT INTO Movie VALUES (   25814707 , '小森林 冬春篇' , 'リトル?フォレスト 冬?春' , '2015' , NULL , 8.9 , 'https://movie.douban.com/subject/25814707/' , 'https://img1.doubanio.com/view/movie_poster_cover/spst/public/p2215147728.jpg'    
 , 1 );
INSERT INTO Director VALUES (276, '森淳一', NULL, NULL, NULL);
INSERT INTO Direct VALUES (   25814707 ,  276 );
INSERT INTO Actor VALUES ('桥本爱', NULL, NULL, NULL, 740);
INSERT INTO Play VALUES (   25814707 ,  740 );
INSERT INTO Actor VALUES ('三浦贵大', NULL, NULL, NULL, 741);
INSERT INTO Play VALUES (   25814707 ,  741 );
INSERT INTO Actor VALUES ('松冈茉优', NULL, NULL, NULL, 742);
INSERT INTO Play VALUES (   25814707 ,  742 );
INSERT INTO Belong VALUES (  25814707,'剧情');
INSERT INTO Movie VALUES (   25917973 , '心迷宫' , '心迷宫' , '2014' , NULL , 8.6 , 'https://movie.douban.com/subject/25917973/' , 'https://img3.doubanio.com/view/movie_poster_cover/spst/public/p2275298525.jpg'    
 , 1 );
INSERT INTO Director VALUES (277, '忻钰坤', NULL, NULL, NULL);
INSERT INTO Direct VALUES (   25917973 ,  277 );
INSERT INTO Actor VALUES ('霍卫民', NULL, NULL, NULL, 743);
INSERT INTO Play VALUES (   25917973 ,  743 );
INSERT INTO Actor VALUES ('王笑天', NULL, NULL, NULL, 744);
INSERT INTO Play VALUES (   25917973 ,  744 );
INSERT INTO Actor VALUES ('罗芸', NULL, NULL, NULL, 745);
INSERT INTO Play VALUES (   25917973 ,  745 );
INSERT INTO Belong VALUES (  25917973,'剧情');
INSERT INTO Belong VALUES (  25917973,'犯罪');
INSERT INTO Belong VALUES (  25917973,'悬疑');
COMMIT;

